Poziom wykształcenia;Województwo;Powiat;Nazwa;Rok;Liczba osób
wyższe;2;0;Województwo dolnośląskie;2011;431267
średnie;2;0;Województwo dolnośląskie;2011;841683
zasadnicze zawodowe;2;0;Województwo dolnośląskie;2011;549476
podstawowe;2;0;Województwo dolnośląskie;2011;531339
wyższe;2;1;Powiat bolesławiecki;2011;8686
średnie;2;1;Powiat bolesławiecki;2011;23046
zasadnicze zawodowe;2;1;Powiat bolesławiecki;2011;20754
podstawowe;2;1;Powiat bolesławiecki;2011;18852
wyższe;2;2;Powiat dzierżoniowski;2011;10208
średnie;2;2;Powiat dzierżoniowski;2011;28096
zasadnicze zawodowe;2;2;Powiat dzierżoniowski;2011;20680
podstawowe;2;2;Powiat dzierżoniowski;2011;23181
wyższe;2;3;Powiat głogowski;2011;12219
średnie;2;3;Powiat głogowski;2011;25638
zasadnicze zawodowe;2;3;Powiat głogowski;2011;19395
podstawowe;2;3;Powiat głogowski;2011;14999
wyższe;2;4;Powiat górowski;2011;2851
średnie;2;4;Powiat górowski;2011;8719
zasadnicze zawodowe;2;4;Powiat górowski;2011;8760
podstawowe;2;4;Powiat górowski;2011;9004
wyższe;2;5;Powiat jaworski;2011;5075
średnie;2;5;Powiat jaworski;2011;13949
zasadnicze zawodowe;2;5;Powiat jaworski;2011;11478
podstawowe;2;5;Powiat jaworski;2011;11541
wyższe;2;6;Powiat jeleniogórski;2011;7104
średnie;2;6;Powiat jeleniogórski;2011;18043
zasadnicze zawodowe;2;6;Powiat jeleniogórski;2011;14065
podstawowe;2;6;Powiat jeleniogórski;2011;12397
wyższe;2;7;Powiat kamiennogórski;2011;3866
średnie;2;7;Powiat kamiennogórski;2011;11112
zasadnicze zawodowe;2;7;Powiat kamiennogórski;2011;11575
podstawowe;2;7;Powiat kamiennogórski;2011;9894
wyższe;2;8;Powiat kłodzki;2011;16080
średnie;2;8;Powiat kłodzki;2011;49343
zasadnicze zawodowe;2;8;Powiat kłodzki;2011;32188
podstawowe;2;8;Powiat kłodzki;2011;36295
wyższe;2;9;Powiat legnicki;2011;5337
średnie;2;9;Powiat legnicki;2011;13633
zasadnicze zawodowe;2;9;Powiat legnicki;2011;11762
podstawowe;2;9;Powiat legnicki;2011;12696
wyższe;2;10;Powiat lubański;2011;5407
średnie;2;10;Powiat lubański;2011;15845
zasadnicze zawodowe;2;10;Powiat lubański;2011;12697
podstawowe;2;10;Powiat lubański;2011;11445
wyższe;2;11;Powiat lubiński;2011;15261
średnie;2;11;Powiat lubiński;2011;30433
zasadnicze zawodowe;2;11;Powiat lubiński;2011;22024
podstawowe;2;11;Powiat lubiński;2011;18533
wyższe;2;12;Powiat lwówecki;2011;4237
średnie;2;12;Powiat lwówecki;2011;12641
zasadnicze zawodowe;2;12;Powiat lwówecki;2011;11887
podstawowe;2;12;Powiat lwówecki;2011;10434
wyższe;2;13;Powiat milicki;2011;3152
średnie;2;13;Powiat milicki;2011;9042
zasadnicze zawodowe;2;13;Powiat milicki;2011;9659
podstawowe;2;13;Powiat milicki;2011;7669
wyższe;2;14;Powiat oleśnicki;2011;11297
średnie;2;14;Powiat oleśnicki;2011;30049
zasadnicze zawodowe;2;14;Powiat oleśnicki;2011;21843
podstawowe;2;14;Powiat oleśnicki;2011;21172
wyższe;2;15;Powiat oławski;2011;8997
średnie;2;15;Powiat oławski;2011;21310
zasadnicze zawodowe;2;15;Powiat oławski;2011;15506
podstawowe;2;15;Powiat oławski;2011;13355
wyższe;2;16;Powiat polkowicki;2011;5863
średnie;2;16;Powiat polkowicki;2011;15459
zasadnicze zawodowe;2;16;Powiat polkowicki;2011;15105
podstawowe;2;16;Powiat polkowicki;2011;13642
wyższe;2;17;Powiat strzeliński;2011;4206
średnie;2;17;Powiat strzeliński;2011;12776
zasadnicze zawodowe;2;17;Powiat strzeliński;2011;9431
podstawowe;2;17;Powiat strzeliński;2011;10081
wyższe;2;18;Powiat średzki;2011;5169
średnie;2;18;Powiat średzki;2011;12953
zasadnicze zawodowe;2;18;Powiat średzki;2011;11759
podstawowe;2;18;Powiat średzki;2011;11400
wyższe;2;19;Powiat świdnicki;2011;19475
średnie;2;19;Powiat świdnicki;2011;46813
zasadnicze zawodowe;2;19;Powiat świdnicki;2011;33642
podstawowe;2;19;Powiat świdnicki;2011;31379
wyższe;2;20;Powiat trzebnicki;2011;9455
średnie;2;20;Powiat trzebnicki;2011;20282
zasadnicze zawodowe;2;20;Powiat trzebnicki;2011;18836
podstawowe;2;20;Powiat trzebnicki;2011;16057
wyższe;2;21;Powiat wałbrzyski;2011;20938
średnie;2;21;Powiat wałbrzyski;2011;50524
zasadnicze zawodowe;2;21;Powiat wałbrzyski;2011;36458
podstawowe;2;21;Powiat wałbrzyski;2011;38549
wyższe;2;22;Powiat wołowski;2011;5288
średnie;2;22;Powiat wołowski;2011;13657
zasadnicze zawodowe;2;22;Powiat wołowski;2011;9768
podstawowe;2;22;Powiat wołowski;2011;9816
wyższe;2;23;Powiat wrocławski;2011;20954
średnie;2;23;Powiat wrocławski;2011;30536
zasadnicze zawodowe;2;23;Powiat wrocławski;2011;21209
podstawowe;2;23;Powiat wrocławski;2011;22016
wyższe;2;24;Powiat ząbkowicki;2011;6120
średnie;2;24;Powiat ząbkowicki;2011;19615
zasadnicze zawodowe;2;24;Powiat ząbkowicki;2011;14132
podstawowe;2;24;Powiat ząbkowicki;2011;14506
wyższe;2;25;Powiat zgorzelecki;2011;9349
średnie;2;25;Powiat zgorzelecki;2011;25768
zasadnicze zawodowe;2;25;Powiat zgorzelecki;2011;19902
podstawowe;2;25;Powiat zgorzelecki;2011;21065
wyższe;2;26;Powiat złotoryjski;2011;4447
średnie;2;26;Powiat złotoryjski;2011;11635
zasadnicze zawodowe;2;26;Powiat złotoryjski;2011;10553
podstawowe;2;26;Powiat złotoryjski;2011;10267
wyższe;2;61;Powiat M. Jelenia Góra;2011;14179
średnie;2;61;Powiat M. Jelenia Góra;2011;28197
zasadnicze zawodowe;2;61;Powiat M. Jelenia Góra;2011;14761
podstawowe;2;61;Powiat M. Jelenia Góra;2011;12319
wyższe;2;62;Powiat M. Legnica;2011;17107
średnie;2;62;Powiat M. Legnica;2011;31696
zasadnicze zawodowe;2;62;Powiat M. Legnica;2011;17855
podstawowe;2;62;Powiat M. Legnica;2011;16496
wyższe;2;64;Powiat M. Wrocław;2011;168941
średnie;2;64;Powiat M. Wrocław;2011;210873
zasadnicze zawodowe;2;64;Powiat M. Wrocław;2011;71792
podstawowe;2;64;Powiat M. Wrocław;2011;72279
wyższe;4;0;Województwo kujawsko-pomorskie;2011;255989
średnie;4;0;Województwo kujawsko-pomorskie;2011;536508
zasadnicze zawodowe;4;0;Województwo kujawsko-pomorskie;2011;459158
podstawowe;4;0;Województwo kujawsko-pomorskie;2011;520429
wyższe;4;1;Powiat aleksandrowski;2011;5036
średnie;4;1;Powiat aleksandrowski;2011;15124
zasadnicze zawodowe;4;1;Powiat aleksandrowski;2011;12968
podstawowe;4;1;Powiat aleksandrowski;2011;14396
wyższe;4;2;Powiat brodnicki;2011;6831
średnie;4;2;Powiat brodnicki;2011;17446
zasadnicze zawodowe;4;2;Powiat brodnicki;2011;17773
podstawowe;4;2;Powiat brodnicki;2011;22012
wyższe;4;3;Powiat bydgoski;2011;14128
średnie;4;3;Powiat bydgoski;2011;24471
zasadnicze zawodowe;4;3;Powiat bydgoski;2011;24028
podstawowe;4;3;Powiat bydgoski;2011;24687
wyższe;4;4;Powiat chełmiński;2011;4077
średnie;4;4;Powiat chełmiński;2011;11606
zasadnicze zawodowe;4;4;Powiat chełmiński;2011;12785
podstawowe;4;4;Powiat chełmiński;2011;15360
wyższe;4;5;Powiat golubsko-dobrzyński;2011;3302
średnie;4;5;Powiat golubsko-dobrzyński;2011;10101
zasadnicze zawodowe;4;5;Powiat golubsko-dobrzyński;2011;10632
podstawowe;4;5;Powiat golubsko-dobrzyński;2011;13503
wyższe;4;6;Powiat grudziądzki;2011;2727
średnie;4;6;Powiat grudziądzki;2011;7779
zasadnicze zawodowe;4;6;Powiat grudziądzki;2011;9790
podstawowe;4;6;Powiat grudziądzki;2011;12543
wyższe;4;7;Powiat inowrocławski;2011;17151
średnie;4;7;Powiat inowrocławski;2011;44430
zasadnicze zawodowe;4;7;Powiat inowrocławski;2011;38748
podstawowe;4;7;Powiat inowrocławski;2011;40800
wyższe;4;8;Powiat lipnowski;2011;5007
średnie;4;8;Powiat lipnowski;2011;13564
zasadnicze zawodowe;4;8;Powiat lipnowski;2011;14932
podstawowe;4;8;Powiat lipnowski;2011;22008
wyższe;4;9;Powiat mogileński;2011;3876
średnie;4;9;Powiat mogileński;2011;11313
zasadnicze zawodowe;4;9;Powiat mogileński;2011;12316
podstawowe;4;9;Powiat mogileński;2011;12014
wyższe;4;10;Powiat nakielski;2011;7249
średnie;4;10;Powiat nakielski;2011;19623
zasadnicze zawodowe;4;10;Powiat nakielski;2011;22791
podstawowe;4;10;Powiat nakielski;2011;22225
wyższe;4;11;Powiat radziejowski;2011;3359
średnie;4;11;Powiat radziejowski;2011;9839
zasadnicze zawodowe;4;11;Powiat radziejowski;2011;9593
podstawowe;4;11;Powiat radziejowski;2011;13215
wyższe;4;12;Powiat rypiński;2011;3504
średnie;4;12;Powiat rypiński;2011;9591
zasadnicze zawodowe;4;12;Powiat rypiński;2011;8723
podstawowe;4;12;Powiat rypiński;2011;15521
wyższe;4;13;Powiat sępoleński;2011;2979
średnie;4;13;Powiat sępoleński;2011;8967
zasadnicze zawodowe;4;13;Powiat sępoleński;2011;9887
podstawowe;4;13;Powiat sępoleński;2011;12553
wyższe;4;14;Powiat świecki;2011;8037
średnie;4;14;Powiat świecki;2011;21614
zasadnicze zawodowe;4;14;Powiat świecki;2011;26090
podstawowe;4;14;Powiat świecki;2011;27313
wyższe;4;15;Powiat toruński;2011;9136
średnie;4;15;Powiat toruński;2011;22074
zasadnicze zawodowe;4;15;Powiat toruński;2011;22999
podstawowe;4;15;Powiat toruński;2011;25132
wyższe;4;16;Powiat tucholski;2011;3841
średnie;4;16;Powiat tucholski;2011;10156
zasadnicze zawodowe;4;16;Powiat tucholski;2011;12979
podstawowe;4;16;Powiat tucholski;2011;12641
wyższe;4;17;Powiat wąbrzeski;2011;2691
średnie;4;17;Powiat wąbrzeski;2011;8144
zasadnicze zawodowe;4;17;Powiat wąbrzeski;2011;8018
podstawowe;4;17;Powiat wąbrzeski;2011;10496
wyższe;4;18;Powiat włocławski;2011;6703
średnie;4;18;Powiat włocławski;2011;18776
zasadnicze zawodowe;4;18;Powiat włocławski;2011;18949
podstawowe;4;18;Powiat włocławski;2011;28983
wyższe;4;19;Powiat żniński;2011;6062
średnie;4;19;Powiat żniński;2011;17074
zasadnicze zawodowe;4;19;Powiat żniński;2011;19117
podstawowe;4;19;Powiat żniński;2011;17115
wyższe;4;61;Powiat M. Bydgoszcz;2011;70116
średnie;4;61;Powiat M. Bydgoszcz;2011;110590
zasadnicze zawodowe;4;61;Powiat M. Bydgoszcz;2011;67603
podstawowe;4;61;Powiat M. Bydgoszcz;2011;68082
wyższe;4;62;Powiat M. Grudziądz;2011;11184
średnie;4;62;Powiat M. Grudziądz;2011;27724
zasadnicze zawodowe;4;62;Powiat M. Grudziądz;2011;21723
podstawowe;4;62;Powiat M. Grudziądz;2011;23765
wyższe;4;63;Powiat M. Toruń;2011;41789
średnie;4;63;Powiat M. Toruń;2011;61779
zasadnicze zawodowe;4;63;Powiat M. Toruń;2011;34257
podstawowe;4;63;Powiat M. Toruń;2011;39498
wyższe;4;64;Powiat M. Włocławek;2011;17206
średnie;4;64;Powiat M. Włocławek;2011;34723
zasadnicze zawodowe;4;64;Powiat M. Włocławek;2011;22457
podstawowe;4;64;Powiat M. Włocławek;2011;26567
wyższe;6;0;Województwo lubelskie;2011;305877
średnie;6;0;Województwo lubelskie;2011;596747
zasadnicze zawodowe;6;0;Województwo lubelskie;2011;364789
podstawowe;6;0;Województwo lubelskie;2011;484180
wyższe;6;1;Powiat bialski;2011;10635
średnie;6;1;Powiat bialski;2011;28197
zasadnicze zawodowe;6;1;Powiat bialski;2011;22722
podstawowe;6;1;Powiat bialski;2011;30746
wyższe;6;2;Powiat biłgorajski;2011;11414
średnie;6;2;Powiat biłgorajski;2011;24633
zasadnicze zawodowe;6;2;Powiat biłgorajski;2011;19171
podstawowe;6;2;Powiat biłgorajski;2011;26892
wyższe;6;3;Powiat chełmski;2011;6205
średnie;6;3;Powiat chełmski;2011;17681
zasadnicze zawodowe;6;3;Powiat chełmski;2011;15948
podstawowe;6;3;Powiat chełmski;2011;25284
wyższe;6;4;Powiat hrubieszowski;2011;6305
średnie;6;4;Powiat hrubieszowski;2011;18333
zasadnicze zawodowe;6;4;Powiat hrubieszowski;2011;11666
podstawowe;6;4;Powiat hrubieszowski;2011;19435
wyższe;6;5;Powiat janowski;2011;4715
średnie;6;5;Powiat janowski;2011;10452
zasadnicze zawodowe;6;5;Powiat janowski;2011;8895
podstawowe;6;5;Powiat janowski;2011;13865
wyższe;6;6;Powiat krasnostawski;2011;6721
średnie;6;6;Powiat krasnostawski;2011;18732
zasadnicze zawodowe;6;6;Powiat krasnostawski;2011;11116
podstawowe;6;6;Powiat krasnostawski;2011;18653
wyższe;6;7;Powiat kraśnicki;2011;9957
średnie;6;7;Powiat kraśnicki;2011;26203
zasadnicze zawodowe;6;7;Powiat kraśnicki;2011;18243
podstawowe;6;7;Powiat kraśnicki;2011;23453
wyższe;6;8;Powiat lubartowski;2011;9228
średnie;6;8;Powiat lubartowski;2011;21685
zasadnicze zawodowe;6;8;Powiat lubartowski;2011;16615
podstawowe;6;8;Powiat lubartowski;2011;25081
wyższe;6;9;Powiat lubelski;2011;18249
średnie;6;9;Powiat lubelski;2011;37180
zasadnicze zawodowe;6;9;Powiat lubelski;2011;27445
podstawowe;6;9;Powiat lubelski;2011;35242
wyższe;6;10;Powiat łęczyński;2011;6617
średnie;6;10;Powiat łęczyński;2011;15989
zasadnicze zawodowe;6;10;Powiat łęczyński;2011;10964
podstawowe;6;10;Powiat łęczyński;2011;12609
wyższe;6;11;Powiat łukowski;2011;10881
średnie;6;11;Powiat łukowski;2011;25542
zasadnicze zawodowe;6;11;Powiat łukowski;2011;22053
podstawowe;6;11;Powiat łukowski;2011;29675
wyższe;6;12;Powiat opolski;2011;5707
średnie;6;12;Powiat opolski;2011;17216
zasadnicze zawodowe;6;12;Powiat opolski;2011;12311
podstawowe;6;12;Powiat opolski;2011;16422
wyższe;6;13;Powiat parczewski;2011;3694
średnie;6;13;Powiat parczewski;2011;9868
zasadnicze zawodowe;6;13;Powiat parczewski;2011;6145
podstawowe;6;13;Powiat parczewski;2011;9829
wyższe;6;14;Powiat puławski;2011;16952
średnie;6;14;Powiat puławski;2011;33534
zasadnicze zawodowe;6;14;Powiat puławski;2011;22011
podstawowe;6;14;Powiat puławski;2011;23108
wyższe;6;15;Powiat radzyński;2011;5621
średnie;6;15;Powiat radzyński;2011;14372
zasadnicze zawodowe;6;15;Powiat radzyński;2011;12588
podstawowe;6;15;Powiat radzyński;2011;16610
wyższe;6;16;Powiat rycki;2011;6824
średnie;6;16;Powiat rycki;2011;18557
zasadnicze zawodowe;6;16;Powiat rycki;2011;10533
podstawowe;6;16;Powiat rycki;2011;12469
wyższe;6;17;Powiat świdnicki;2011;11377
średnie;6;17;Powiat świdnicki;2011;22729
zasadnicze zawodowe;6;17;Powiat świdnicki;2011;11703
podstawowe;6;17;Powiat świdnicki;2011;13469
wyższe;6;18;Powiat tomaszowski;2011;8846
średnie;6;18;Powiat tomaszowski;2011;22853
zasadnicze zawodowe;6;18;Powiat tomaszowski;2011;15328
podstawowe;6;18;Powiat tomaszowski;2011;24599
wyższe;6;19;Powiat włodawski;2011;4532
średnie;6;19;Powiat włodawski;2011;10595
zasadnicze zawodowe;6;19;Powiat włodawski;2011;6409
podstawowe;6;19;Powiat włodawski;2011;10610
wyższe;6;20;Powiat zamojski;2011;9850
średnie;6;20;Powiat zamojski;2011;25376
zasadnicze zawodowe;6;20;Powiat zamojski;2011;22411
podstawowe;6;20;Powiat zamojski;2011;31087
wyższe;6;61;Powiat M. Biała Podlaska;2011;11516
średnie;6;61;Powiat M. Biała Podlaska;2011;19167
zasadnicze zawodowe;6;61;Powiat M. Biała Podlaska;2011;8514
podstawowe;6;61;Powiat M. Biała Podlaska;2011;7699
wyższe;6;62;Powiat M. Chełm;2011;12877
średnie;6;62;Powiat M. Chełm;2011;21990
zasadnicze zawodowe;6;62;Powiat M. Chełm;2011;8859
podstawowe;6;62;Powiat M. Chełm;2011;10102
wyższe;6;63;Powiat M. Lublin;2011;94333
średnie;6;63;Powiat M. Lublin;2011;114246
zasadnicze zawodowe;6;63;Powiat M. Lublin;2011;34489
podstawowe;6;63;Powiat M. Lublin;2011;38312
wyższe;6;64;Powiat M. Zamość;2011;12822
średnie;6;64;Powiat M. Zamość;2011;21617
zasadnicze zawodowe;6;64;Powiat M. Zamość;2011;8651
podstawowe;6;64;Powiat M. Zamość;2011;8929
wyższe;8;0;Województwo lubuskie;2011;127813
średnie;8;0;Województwo lubuskie;2011;280234
zasadnicze zawodowe;8;0;Województwo lubuskie;2011;210988
podstawowe;8;0;Województwo lubuskie;2011;196074
wyższe;8;1;Powiat gorzowski;2011;7637
średnie;8;1;Powiat gorzowski;2011;16677
zasadnicze zawodowe;8;1;Powiat gorzowski;2011;14765
podstawowe;8;1;Powiat gorzowski;2011;15133
wyższe;8;2;Powiat krośnieński;2011;5537
średnie;8;2;Powiat krośnieński;2011;15592
zasadnicze zawodowe;8;2;Powiat krośnieński;2011;12687
podstawowe;8;2;Powiat krośnieński;2011;12001
wyższe;8;3;Powiat międzyrzecki;2011;6179
średnie;8;3;Powiat międzyrzecki;2011;15662
zasadnicze zawodowe;8;3;Powiat międzyrzecki;2011;13124
podstawowe;8;3;Powiat międzyrzecki;2011;11805
wyższe;8;4;Powiat nowosolski;2011;8480
średnie;8;4;Powiat nowosolski;2011;24115
zasadnicze zawodowe;8;4;Powiat nowosolski;2011;19156
podstawowe;8;4;Powiat nowosolski;2011;18091
wyższe;8;5;Powiat słubicki;2011;4890
średnie;8;5;Powiat słubicki;2011;12806
zasadnicze zawodowe;8;5;Powiat słubicki;2011;9369
podstawowe;8;5;Powiat słubicki;2011;10509
wyższe;8;6;Powiat strzelecko-drezdenecki;2011;4714
średnie;8;6;Powiat strzelecko-drezdenecki;2011;11662
zasadnicze zawodowe;8;6;Powiat strzelecko-drezdenecki;2011;11574
podstawowe;8;6;Powiat strzelecko-drezdenecki;2011;12419
wyższe;8;7;Powiat sulęciński;2011;3130
średnie;8;7;Powiat sulęciński;2011;9757
zasadnicze zawodowe;8;7;Powiat sulęciński;2011;7258
podstawowe;8;7;Powiat sulęciński;2011;8094
wyższe;8;8;Powiat świebodziński;2011;6046
średnie;8;8;Powiat świebodziński;2011;15240
zasadnicze zawodowe;8;8;Powiat świebodziński;2011;12696
podstawowe;8;8;Powiat świebodziński;2011;10757
wyższe;8;9;Powiat zielonogórski;2011;11104
średnie;8;9;Powiat zielonogórski;2011;23511
zasadnicze zawodowe;8;9;Powiat zielonogórski;2011;21338
podstawowe;8;9;Powiat zielonogórski;2011;18150
wyższe;8;10;Powiat żagański;2011;7411
średnie;8;10;Powiat żagański;2011;22019
zasadnicze zawodowe;8;10;Powiat żagański;2011;18512
podstawowe;8;10;Powiat żagański;2011;18620
wyższe;8;11;Powiat żarski;2011;9515
średnie;8;11;Powiat żarski;2011;26604
zasadnicze zawodowe;8;11;Powiat żarski;2011;22118
podstawowe;8;11;Powiat żarski;2011;20678
wyższe;8;12;Powiat wschowski;2011;3470
średnie;8;12;Powiat wschowski;2011;8871
zasadnicze zawodowe;8;12;Powiat wschowski;2011;10380
podstawowe;8;12;Powiat wschowski;2011;7867
wyższe;8;61;Powiat M. Gorzów Wielkopolski;2011;22031
średnie;8;61;Powiat M. Gorzów Wielkopolski;2011;38138
zasadnicze zawodowe;8;61;Powiat M. Gorzów Wielkopolski;2011;22153
podstawowe;8;61;Powiat M. Gorzów Wielkopolski;2011;18081
wyższe;8;62;Powiat M. Zielona Góra;2011;27670
średnie;8;62;Powiat M. Zielona Góra;2011;39581
zasadnicze zawodowe;8;62;Powiat M. Zielona Góra;2011;15858
podstawowe;8;62;Powiat M. Zielona Góra;2011;13868
wyższe;10;0;Województwo łódzkie;2011;360858
średnie;10;0;Województwo łódzkie;2011;739979
zasadnicze zawodowe;10;0;Województwo łódzkie;2011;450511
podstawowe;10;0;Województwo łódzkie;2011;567249
wyższe;10;1;Powiat bełchatowski;2011;14855
średnie;10;1;Powiat bełchatowski;2011;30787
zasadnicze zawodowe;10;1;Powiat bełchatowski;2011;21829
podstawowe;10;1;Powiat bełchatowski;2011;25098
wyższe;10;2;Powiat kutnowski;2011;11441
średnie;10;2;Powiat kutnowski;2011;28829
zasadnicze zawodowe;10;2;Powiat kutnowski;2011;19819
podstawowe;10;2;Powiat kutnowski;2011;25981
wyższe;10;3;Powiat łaski;2011;5709
średnie;10;3;Powiat łaski;2011;13468
zasadnicze zawodowe;10;3;Powiat łaski;2011;10684
podstawowe;10;3;Powiat łaski;2011;12677
wyższe;10;4;Powiat łęczycki;2011;4840
średnie;10;4;Powiat łęczycki;2011;12689
zasadnicze zawodowe;10;4;Powiat łęczycki;2011;9737
podstawowe;10;4;Powiat łęczycki;2011;16809
wyższe;10;5;Powiat łowicki;2011;9049
średnie;10;5;Powiat łowicki;2011;21496
zasadnicze zawodowe;10;5;Powiat łowicki;2011;16290
podstawowe;10;5;Powiat łowicki;2011;20858
wyższe;10;6;Powiat łódzki wschodni;2011;8832
średnie;10;6;Powiat łódzki wschodni;2011;19838
zasadnicze zawodowe;10;6;Powiat łódzki wschodni;2011;11900
podstawowe;10;6;Powiat łódzki wschodni;2011;15952
wyższe;10;7;Powiat opoczyński;2011;7730
średnie;10;7;Powiat opoczyński;2011;18791
zasadnicze zawodowe;10;7;Powiat opoczyński;2011;15449
podstawowe;10;7;Powiat opoczyński;2011;21864
wyższe;10;8;Powiat pabianicki;2011;17102
średnie;10;8;Powiat pabianicki;2011;35555
zasadnicze zawodowe;10;8;Powiat pabianicki;2011;21136
podstawowe;10;8;Powiat pabianicki;2011;26905
wyższe;10;9;Powiat pajęczański;2011;4686
średnie;10;9;Powiat pajęczański;2011;11838
zasadnicze zawodowe;10;9;Powiat pajęczański;2011;12173
podstawowe;10;9;Powiat pajęczański;2011;15100
wyższe;10;10;Powiat piotrkowski;2011;7892
średnie;10;10;Powiat piotrkowski;2011;20828
zasadnicze zawodowe;10;10;Powiat piotrkowski;2011;18486
podstawowe;10;10;Powiat piotrkowski;2011;27179
wyższe;10;11;Powiat poddębicki;2011;3670
średnie;10;11;Powiat poddębicki;2011;9774
zasadnicze zawodowe;10;11;Powiat poddębicki;2011;8514
podstawowe;10;11;Powiat poddębicki;2011;13480
wyższe;10;12;Powiat radomszczański;2011;12825
średnie;10;12;Powiat radomszczański;2011;29617
zasadnicze zawodowe;10;12;Powiat radomszczański;2011;24350
podstawowe;10;12;Powiat radomszczański;2011;30449
wyższe;10;13;Powiat rawski;2011;5095
średnie;10;13;Powiat rawski;2011;13041
zasadnicze zawodowe;10;13;Powiat rawski;2011;10035
podstawowe;10;13;Powiat rawski;2011;13213
wyższe;10;14;Powiat sieradzki;2011;13735
średnie;10;14;Powiat sieradzki;2011;30661
zasadnicze zawodowe;10;14;Powiat sieradzki;2011;23154
podstawowe;10;14;Powiat sieradzki;2011;31374
wyższe;10;15;Powiat skierniewicki;2011;3156
średnie;10;15;Powiat skierniewicki;2011;9141
zasadnicze zawodowe;10;15;Powiat skierniewicki;2011;8999
podstawowe;10;15;Powiat skierniewicki;2011;10433
wyższe;10;16;Powiat tomaszowski;2011;13372
średnie;10;16;Powiat tomaszowski;2011;33092
zasadnicze zawodowe;10;16;Powiat tomaszowski;2011;24809
podstawowe;10;16;Powiat tomaszowski;2011;28422
wyższe;10;17;Powiat wieluński;2011;8083
średnie;10;17;Powiat wieluński;2011;19165
zasadnicze zawodowe;10;17;Powiat wieluński;2011;19095
podstawowe;10;17;Powiat wieluński;2011;17775
wyższe;10;18;Powiat wieruszowski;2011;3760
średnie;10;18;Powiat wieruszowski;2011;9556
zasadnicze zawodowe;10;18;Powiat wieruszowski;2011;10844
podstawowe;10;18;Powiat wieruszowski;2011;10163
wyższe;10;19;Powiat zduńskowolski;2011;7781
średnie;10;19;Powiat zduńskowolski;2011;20521
zasadnicze zawodowe;10;19;Powiat zduńskowolski;2011;12305
podstawowe;10;19;Powiat zduńskowolski;2011;15010
wyższe;10;20;Powiat zgierski;2011;21851
średnie;10;20;Powiat zgierski;2011;49308
zasadnicze zawodowe;10;20;Powiat zgierski;2011;28244
podstawowe;10;20;Powiat zgierski;2011;37301
wyższe;10;21;Powiat brzeziński;2011;3190
średnie;10;21;Powiat brzeziński;2011;8108
zasadnicze zawodowe;10;21;Powiat brzeziński;2011;6410
podstawowe;10;21;Powiat brzeziński;2011;7914
wyższe;10;61;Powiat M. Łódź;2011;148581
średnie;10;61;Powiat M. Łódź;2011;252588
zasadnicze zawodowe;10;61;Powiat M. Łódź;2011;97968
podstawowe;10;61;Powiat M. Łódź;2011;123167
wyższe;10;62;Powiat M. Piotrków Trybunalski;2011;13735
średnie;10;62;Powiat M. Piotrków Trybunalski;2011;24992
zasadnicze zawodowe;10;62;Powiat M. Piotrków Trybunalski;2011;11277
podstawowe;10;62;Powiat M. Piotrków Trybunalski;2011;13014
wyższe;10;63;Powiat M. Skierniewice;2011;9887
średnie;10;63;Powiat M. Skierniewice;2011;16297
zasadnicze zawodowe;10;63;Powiat M. Skierniewice;2011;7003
podstawowe;10;63;Powiat M. Skierniewice;2011;7112
wyższe;12;0;Województwo małopolskie;2011;494005
średnie;12;0;Województwo małopolskie;2011;895734
zasadnicze zawodowe;12;0;Województwo małopolskie;2011;656014
podstawowe;12;0;Województwo małopolskie;2011;594698
wyższe;12;1;Powiat bocheński;2011;11872
średnie;12;1;Powiat bocheński;2011;27398
zasadnicze zawodowe;12;1;Powiat bocheński;2011;23239
podstawowe;12;1;Powiat bocheński;2011;18759
wyższe;12;2;Powiat brzeski;2011;8424
średnie;12;2;Powiat brzeski;2011;21425
zasadnicze zawodowe;12;2;Powiat brzeski;2011;22808
podstawowe;12;2;Powiat brzeski;2011;18347
wyższe;12;3;Powiat chrzanowski;2011;16839
średnie;12;3;Powiat chrzanowski;2011;38134
zasadnicze zawodowe;12;3;Powiat chrzanowski;2011;26795
podstawowe;12;3;Powiat chrzanowski;2011;24753
wyższe;12;4;Powiat dąbrowski;2011;4359
średnie;12;4;Powiat dąbrowski;2011;12150
zasadnicze zawodowe;12;4;Powiat dąbrowski;2011;13158
podstawowe;12;4;Powiat dąbrowski;2011;13375
wyższe;12;5;Powiat gorlicki;2011;10448
średnie;12;5;Powiat gorlicki;2011;27662
zasadnicze zawodowe;12;5;Powiat gorlicki;2011;25377
podstawowe;12;5;Powiat gorlicki;2011;22187
wyższe;12;6;Powiat krakowski;2011;35391
średnie;12;6;Powiat krakowski;2011;67055
zasadnicze zawodowe;12;6;Powiat krakowski;2011;57818
podstawowe;12;6;Powiat krakowski;2011;49886
wyższe;12;7;Powiat limanowski;2011;10738
średnie;12;7;Powiat limanowski;2011;28195
zasadnicze zawodowe;12;7;Powiat limanowski;2011;28296
podstawowe;12;7;Powiat limanowski;2011;29079
wyższe;12;8;Powiat miechowski;2011;5647
średnie;12;8;Powiat miechowski;2011;13911
zasadnicze zawodowe;12;8;Powiat miechowski;2011;9991
podstawowe;12;8;Powiat miechowski;2011;12453
wyższe;12;9;Powiat myślenicki;2011;12522
średnie;12;9;Powiat myślenicki;2011;28636
zasadnicze zawodowe;12;9;Powiat myślenicki;2011;29480
podstawowe;12;9;Powiat myślenicki;2011;25223
wyższe;12;10;Powiat nowosądecki;2011;16442
średnie;12;10;Powiat nowosądecki;2011;49978
zasadnicze zawodowe;12;10;Powiat nowosądecki;2011;47090
podstawowe;12;10;Powiat nowosądecki;2011;44280
wyższe;12;11;Powiat nowotarski;2011;14119
średnie;12;11;Powiat nowotarski;2011;36279
zasadnicze zawodowe;12;11;Powiat nowotarski;2011;35871
podstawowe;12;11;Powiat nowotarski;2011;47868
wyższe;12;12;Powiat olkuski;2011;15681
średnie;12;12;Powiat olkuski;2011;38113
zasadnicze zawodowe;12;12;Powiat olkuski;2011;19490
podstawowe;12;12;Powiat olkuski;2011;21947
wyższe;12;13;Powiat oświęcimski;2011;18958
średnie;12;13;Powiat oświęcimski;2011;43657
zasadnicze zawodowe;12;13;Powiat oświęcimski;2011;37342
podstawowe;12;13;Powiat oświęcimski;2011;26029
wyższe;12;14;Powiat proszowicki;2011;3440
średnie;12;14;Powiat proszowicki;2011;9932
zasadnicze zawodowe;12;14;Powiat proszowicki;2011;11188
podstawowe;12;14;Powiat proszowicki;2011;11255
wyższe;12;15;Powiat suski;2011;7189
średnie;12;15;Powiat suski;2011;19475
zasadnicze zawodowe;12;15;Powiat suski;2011;18815
podstawowe;12;15;Powiat suski;2011;20709
wyższe;12;16;Powiat tarnowski;2011;15688
średnie;12;16;Powiat tarnowski;2011;44108
zasadnicze zawodowe;12;16;Powiat tarnowski;2011;48716
podstawowe;12;16;Powiat tarnowski;2011;42746
wyższe;12;17;Powiat tatrzański;2011;6764
średnie;12;17;Powiat tatrzański;2011;15597
zasadnicze zawodowe;12;17;Powiat tatrzański;2011;11065
podstawowe;12;17;Powiat tatrzański;2011;16687
wyższe;12;18;Powiat wadowicki;2011;15107
średnie;12;18;Powiat wadowicki;2011;38216
zasadnicze zawodowe;12;18;Powiat wadowicki;2011;43266
podstawowe;12;18;Powiat wadowicki;2011;30296
wyższe;12;19;Powiat wielicki;2011;15186
średnie;12;19;Powiat wielicki;2011;29331
zasadnicze zawodowe;12;19;Powiat wielicki;2011;27022
podstawowe;12;19;Powiat wielicki;2011;19727
wyższe;12;61;Powiat M. Kraków;2011;212277
średnie;12;61;Powiat M. Kraków;2011;242209
zasadnicze zawodowe;12;61;Powiat M. Kraków;2011;88197
podstawowe;12;61;Powiat M. Kraków;2011;76564
wyższe;12;62;Powiat M. Nowy Sącz;2011;15490
średnie;12;62;Powiat M. Nowy Sącz;2011;28201
zasadnicze zawodowe;12;62;Powiat M. Nowy Sącz;2011;13151
podstawowe;12;62;Powiat M. Nowy Sącz;2011;9166
wyższe;12;63;Powiat M. Tarnów;2011;21423
średnie;12;63;Powiat M. Tarnów;2011;36071
zasadnicze zawodowe;12;63;Powiat M. Tarnów;2011;17838
podstawowe;12;63;Powiat M. Tarnów;2011;13365
wyższe;14;0;Województwo mazowieckie;2011;1076134
średnie;14;0;Województwo mazowieckie;2011;1537145
zasadnicze zawodowe;14;0;Województwo mazowieckie;2011;762782
podstawowe;14;0;Województwo mazowieckie;2011;935027
wyższe;14;1;Powiat białobrzeski;2011;2926
średnie;14;1;Powiat białobrzeski;2011;7142
zasadnicze zawodowe;14;1;Powiat białobrzeski;2011;7481
podstawowe;14;1;Powiat białobrzeski;2011;10001
wyższe;14;2;Powiat ciechanowski;2011;12257
średnie;14;2;Powiat ciechanowski;2011;25362
zasadnicze zawodowe;14;2;Powiat ciechanowski;2011;17540
podstawowe;14;2;Powiat ciechanowski;2011;20446
wyższe;14;3;Powiat garwoliński;2011;11149
średnie;14;3;Powiat garwoliński;2011;27633
zasadnicze zawodowe;14;3;Powiat garwoliński;2011;22863
podstawowe;14;3;Powiat garwoliński;2011;25984
wyższe;14;4;Powiat gostyniński;2011;4812
średnie;14;4;Powiat gostyniński;2011;11915
zasadnicze zawodowe;14;4;Powiat gostyniński;2011;9025
podstawowe;14;4;Powiat gostyniński;2011;12451
wyższe;14;5;Powiat grodziski;2011;16221
średnie;14;5;Powiat grodziski;2011;26613
zasadnicze zawodowe;14;5;Powiat grodziski;2011;12523
podstawowe;14;5;Powiat grodziski;2011;14277
wyższe;14;6;Powiat grójecki;2011;11010
średnie;14;6;Powiat grójecki;2011;26577
zasadnicze zawodowe;14;6;Powiat grójecki;2011;19741
podstawowe;14;6;Powiat grójecki;2011;24490
wyższe;14;7;Powiat kozienicki;2011;7074
średnie;14;7;Powiat kozienicki;2011;15982
zasadnicze zawodowe;14;7;Powiat kozienicki;2011;12647
podstawowe;14;7;Powiat kozienicki;2011;16080
wyższe;14;8;Powiat legionowski;2011;21893
średnie;14;8;Powiat legionowski;2011;34063
zasadnicze zawodowe;14;8;Powiat legionowski;2011;14449
podstawowe;14;8;Powiat legionowski;2011;15440
wyższe;14;9;Powiat lipski;2011;3622
średnie;14;9;Powiat lipski;2011;9210
zasadnicze zawodowe;14;9;Powiat lipski;2011;7386
podstawowe;14;9;Powiat lipski;2011;10024
wyższe;14;10;Powiat łosicki;2011;3187
średnie;14;10;Powiat łosicki;2011;7869
zasadnicze zawodowe;14;10;Powiat łosicki;2011;6181
podstawowe;14;10;Powiat łosicki;2011;9801
wyższe;14;11;Powiat makowski;2011;4418
średnie;14;11;Powiat makowski;2011;12696
zasadnicze zawodowe;14;11;Powiat makowski;2011;8407
podstawowe;14;11;Powiat makowski;2011;12464
wyższe;14;12;Powiat miński;2011;19952
średnie;14;12;Powiat miński;2011;42613
zasadnicze zawodowe;14;12;Powiat miński;2011;27334
podstawowe;14;12;Powiat miński;2011;30206
wyższe;14;13;Powiat mławski;2011;7206
średnie;14;13;Powiat mławski;2011;19499
zasadnicze zawodowe;14;13;Powiat mławski;2011;15728
podstawowe;14;13;Powiat mławski;2011;18637
wyższe;14;14;Powiat nowodworski;2011;10375
średnie;14;14;Powiat nowodworski;2011;21768
zasadnicze zawodowe;14;14;Powiat nowodworski;2011;15387
podstawowe;14;14;Powiat nowodworski;2011;16130
wyższe;14;15;Powiat ostrołęcki;2011;7114
średnie;14;15;Powiat ostrołęcki;2011;17480
zasadnicze zawodowe;14;15;Powiat ostrołęcki;2011;16249
podstawowe;14;15;Powiat ostrołęcki;2011;27367
wyższe;14;16;Powiat ostrowski;2011;7355
średnie;14;16;Powiat ostrowski;2011;18200
zasadnicze zawodowe;14;16;Powiat ostrowski;2011;14825
podstawowe;14;16;Powiat ostrowski;2011;20713
wyższe;14;17;Powiat otwocki;2011;20859
średnie;14;17;Powiat otwocki;2011;36666
zasadnicze zawodowe;14;17;Powiat otwocki;2011;19523
podstawowe;14;17;Powiat otwocki;2011;21533
wyższe;14;18;Powiat piaseczyński;2011;38711
średnie;14;18;Powiat piaseczyński;2011;48408
zasadnicze zawodowe;14;18;Powiat piaseczyński;2011;18585
podstawowe;14;18;Powiat piaseczyński;2011;24206
wyższe;14;19;Powiat płocki;2011;9899
średnie;14;19;Powiat płocki;2011;24552
zasadnicze zawodowe;14;19;Powiat płocki;2011;24074
podstawowe;14;19;Powiat płocki;2011;31358
wyższe;14;20;Powiat płoński;2011;8557
średnie;14;20;Powiat płoński;2011;22199
zasadnicze zawodowe;14;20;Powiat płoński;2011;17487
podstawowe;14;20;Powiat płoński;2011;25257
wyższe;14;21;Powiat pruszkowski;2011;34980
średnie;14;21;Powiat pruszkowski;2011;51162
zasadnicze zawodowe;14;21;Powiat pruszkowski;2011;18511
podstawowe;14;21;Powiat pruszkowski;2011;21238
wyższe;14;22;Powiat przasnyski;2011;5221
średnie;14;22;Powiat przasnyski;2011;12966
zasadnicze zawodowe;14;22;Powiat przasnyski;2011;9857
podstawowe;14;22;Powiat przasnyski;2011;15005
wyższe;14;23;Powiat przysuski;2011;3721
średnie;14;23;Powiat przysuski;2011;10114
zasadnicze zawodowe;14;23;Powiat przysuski;2011;8478
podstawowe;14;23;Powiat przysuski;2011;13415
wyższe;14;24;Powiat pułtuski;2011;6073
średnie;14;24;Powiat pułtuski;2011;12887
zasadnicze zawodowe;14;24;Powiat pułtuski;2011;10240
podstawowe;14;24;Powiat pułtuski;2011;12255
wyższe;14;25;Powiat radomski;2011;15702
średnie;14;25;Powiat radomski;2011;34411
zasadnicze zawodowe;14;25;Powiat radomski;2011;30058
podstawowe;14;25;Powiat radomski;2011;38419
wyższe;14;26;Powiat siedlecki;2011;7219
średnie;14;26;Powiat siedlecki;2011;17535
zasadnicze zawodowe;14;26;Powiat siedlecki;2011;18124
podstawowe;14;26;Powiat siedlecki;2011;23768
wyższe;14;27;Powiat sierpecki;2011;5063
średnie;14;27;Powiat sierpecki;2011;13366
zasadnicze zawodowe;14;27;Powiat sierpecki;2011;10611
podstawowe;14;27;Powiat sierpecki;2011;14895
wyższe;14;28;Powiat sochaczewski;2011;10537
średnie;14;28;Powiat sochaczewski;2011;24052
zasadnicze zawodowe;14;28;Powiat sochaczewski;2011;17383
podstawowe;14;28;Powiat sochaczewski;2011;18676
wyższe;14;29;Powiat sokołowski;2011;5861
średnie;14;29;Powiat sokołowski;2011;14199
zasadnicze zawodowe;14;29;Powiat sokołowski;2011;11834
podstawowe;14;29;Powiat sokołowski;2011;15414
wyższe;14;30;Powiat szydłowiecki;2011;4193
średnie;14;30;Powiat szydłowiecki;2011;9126
zasadnicze zawodowe;14;30;Powiat szydłowiecki;2011;8681
podstawowe;14;30;Powiat szydłowiecki;2011;10516
wyższe;14;32;Powiat warszawski zachodni;2011;21681
średnie;14;32;Powiat warszawski zachodni;2011;32271
zasadnicze zawodowe;14;32;Powiat warszawski zachodni;2011;14744
podstawowe;14;32;Powiat warszawski zachodni;2011;17920
wyższe;14;33;Powiat węgrowski;2011;6052
średnie;14;33;Powiat węgrowski;2011;16625
zasadnicze zawodowe;14;33;Powiat węgrowski;2011;14741
podstawowe;14;33;Powiat węgrowski;2011;18884
wyższe;14;34;Powiat wołomiński;2011;35528
średnie;14;34;Powiat wołomiński;2011;63072
zasadnicze zawodowe;14;34;Powiat wołomiński;2011;36713
podstawowe;14;34;Powiat wołomiński;2011;40633
wyższe;14;35;Powiat wyszkowski;2011;8213
średnie;14;35;Powiat wyszkowski;2011;17417
zasadnicze zawodowe;14;35;Powiat wyszkowski;2011;15494
podstawowe;14;35;Powiat wyszkowski;2011;18047
wyższe;14;36;Powiat zwoleński;2011;3370
średnie;14;36;Powiat zwoleński;2011;8255
zasadnicze zawodowe;14;36;Powiat zwoleński;2011;7480
podstawowe;14;36;Powiat zwoleński;2011;11214
wyższe;14;37;Powiat żuromiński;2011;3396
średnie;14;37;Powiat żuromiński;2011;8922
zasadnicze zawodowe;14;37;Powiat żuromiński;2011;7962
podstawowe;14;37;Powiat żuromiński;2011;12893
wyższe;14;38;Powiat żyrardowski;2011;10261
średnie;14;38;Powiat żyrardowski;2011;22484
zasadnicze zawodowe;14;38;Powiat żyrardowski;2011;13901
podstawowe;14;38;Powiat żyrardowski;2011;16536
wyższe;14;61;Powiat M. Ostrołęka;2011;10056
średnie;14;61;Powiat M. Ostrołęka;2011;16737
zasadnicze zawodowe;14;61;Powiat M. Ostrołęka;2011;6620
podstawowe;14;61;Powiat M. Ostrołęka;2011;8157
wyższe;14;62;Powiat M. Płock;2011;23201
średnie;14;62;Powiat M. Płock;2011;40459
zasadnicze zawodowe;14;62;Powiat M. Płock;2011;20330
podstawowe;14;62;Powiat M. Płock;2011;19392
wyższe;14;63;Powiat M. Radom;2011;42108
średnie;14;63;Powiat M. Radom;2011;64835
zasadnicze zawodowe;14;63;Powiat M. Radom;2011;35251
podstawowe;14;63;Powiat M. Radom;2011;37646
wyższe;14;64;Powiat M. Siedlce;2011;17130
średnie;14;64;Powiat M. Siedlce;2011;24000
zasadnicze zawodowe;14;64;Powiat M. Siedlce;2011;10784
podstawowe;14;64;Powiat M. Siedlce;2011;10121
wyższe;14;65;Powiat M. Warszawa;2011;567974
średnie;14;65;Powiat M. Warszawa;2011;565805
zasadnicze zawodowe;14;65;Powiat M. Warszawa;2011;127550
podstawowe;14;65;Powiat M. Warszawa;2011;153116
wyższe;16;0;Województwo opolskie;2011;122193
średnie;16;0;Województwo opolskie;2011;256416
zasadnicze zawodowe;16;0;Województwo opolskie;2011;214829
podstawowe;16;0;Województwo opolskie;2011;193793
wyższe;16;1;Powiat brzeski;2011;11011
średnie;16;1;Powiat brzeski;2011;27908
zasadnicze zawodowe;16;1;Powiat brzeski;2011;17113
podstawowe;16;1;Powiat brzeski;2011;18366
wyższe;16;2;Powiat głubczycki;2011;4502
średnie;16;2;Powiat głubczycki;2011;12359
zasadnicze zawodowe;16;2;Powiat głubczycki;2011;10234
podstawowe;16;2;Powiat głubczycki;2011;11304
wyższe;16;3;Powiat kędzierzyńsko-kozielski;2011;11139
średnie;16;3;Powiat kędzierzyńsko-kozielski;2011;24533
zasadnicze zawodowe;16;3;Powiat kędzierzyńsko-kozielski;2011;22037
podstawowe;16;3;Powiat kędzierzyńsko-kozielski;2011;18824
wyższe;16;4;Powiat kluczborski;2011;6752
średnie;16;4;Powiat kluczborski;2011;17335
zasadnicze zawodowe;16;4;Powiat kluczborski;2011;14981
podstawowe;16;4;Powiat kluczborski;2011;13794
wyższe;16;5;Powiat krapkowicki;2011;5962
średnie;16;5;Powiat krapkowicki;2011;13554
zasadnicze zawodowe;16;5;Powiat krapkowicki;2011;15664
podstawowe;16;5;Powiat krapkowicki;2011;13775
wyższe;16;6;Powiat namysłowski;2011;4455
średnie;16;6;Powiat namysłowski;2011;11624
zasadnicze zawodowe;16;6;Powiat namysłowski;2011;9451
podstawowe;16;6;Powiat namysłowski;2011;9120
wyższe;16;7;Powiat nyski;2011;14672
średnie;16;7;Powiat nyski;2011;38590
zasadnicze zawodowe;16;7;Powiat nyski;2011;31420
podstawowe;16;7;Powiat nyski;2011;28580
wyższe;16;8;Powiat oleski;2011;5830
średnie;16;8;Powiat oleski;2011;14524
zasadnicze zawodowe;16;8;Powiat oleski;2011;15996
podstawowe;16;8;Powiat oleski;2011;14398
wyższe;16;9;Powiat opolski;2011;14224
średnie;16;9;Powiat opolski;2011;26993
zasadnicze zawodowe;16;9;Powiat opolski;2011;31135
podstawowe;16;9;Powiat opolski;2011;24774
wyższe;16;10;Powiat prudnicki;2011;5711
średnie;16;10;Powiat prudnicki;2011;14096
zasadnicze zawodowe;16;10;Powiat prudnicki;2011;13213
podstawowe;16;10;Powiat prudnicki;2011;12456
wyższe;16;11;Powiat strzelecki;2011;6669
średnie;16;11;Powiat strzelecki;2011;15708
zasadnicze zawodowe;16;11;Powiat strzelecki;2011;18696
podstawowe;16;11;Powiat strzelecki;2011;15572
wyższe;16;61;Powiat M. Opole;2011;31268
średnie;16;61;Powiat M. Opole;2011;39192
zasadnicze zawodowe;16;61;Powiat M. Opole;2011;14890
podstawowe;16;61;Powiat M. Opole;2011;12833
wyższe;18;0;Województwo podkarpackie;2011;265979
średnie;18;0;Województwo podkarpackie;2011;555743
zasadnicze zawodowe;18;0;Województwo podkarpackie;2011;398792
podstawowe;18;0;Województwo podkarpackie;2011;424559
wyższe;18;1;Powiat bieszczadzki;2011;2418
średnie;18;1;Powiat bieszczadzki;2011;5858
zasadnicze zawodowe;18;1;Powiat bieszczadzki;2011;4134
podstawowe;18;1;Powiat bieszczadzki;2011;5335
wyższe;18;2;Powiat brzozowski;2011;5758
średnie;18;2;Powiat brzozowski;2011;15320
zasadnicze zawodowe;18;2;Powiat brzozowski;2011;13883
podstawowe;18;2;Powiat brzozowski;2011;16909
wyższe;18;3;Powiat dębicki;2011;14492
średnie;18;3;Powiat dębicki;2011;36908
zasadnicze zawodowe;18;3;Powiat dębicki;2011;25414
podstawowe;18;3;Powiat dębicki;2011;27843
wyższe;18;4;Powiat jarosławski;2011;13662
średnie;18;4;Powiat jarosławski;2011;32059
zasadnicze zawodowe;18;4;Powiat jarosławski;2011;23069
podstawowe;18;4;Powiat jarosławski;2011;26752
wyższe;18;5;Powiat jasielski;2011;12275
średnie;18;5;Powiat jasielski;2011;29451
zasadnicze zawodowe;18;5;Powiat jasielski;2011;24536
podstawowe;18;5;Powiat jasielski;2011;24312
wyższe;18;6;Powiat kolbuszowski;2011;4546
średnie;18;6;Powiat kolbuszowski;2011;12940
zasadnicze zawodowe;18;6;Powiat kolbuszowski;2011;12722
podstawowe;18;6;Powiat kolbuszowski;2011;14768
wyższe;18;7;Powiat krośnieński;2011;11867
średnie;18;7;Powiat krośnieński;2011;28430
zasadnicze zawodowe;18;7;Powiat krośnieński;2011;23761
podstawowe;18;7;Powiat krośnieński;2011;23674
wyższe;18;8;Powiat leżajski;2011;6845
średnie;18;8;Powiat leżajski;2011;15242
zasadnicze zawodowe;18;8;Powiat leżajski;2011;14340
podstawowe;18;8;Powiat leżajski;2011;14779
wyższe;18;9;Powiat lubaczowski;2011;5679
średnie;18;9;Powiat lubaczowski;2011;12929
zasadnicze zawodowe;18;9;Powiat lubaczowski;2011;11935
podstawowe;18;9;Powiat lubaczowski;2011;14498
wyższe;18;10;Powiat łańcucki;2011;10433
średnie;18;10;Powiat łańcucki;2011;22101
zasadnicze zawodowe;18;10;Powiat łańcucki;2011;14982
podstawowe;18;10;Powiat łańcucki;2011;15675
wyższe;18;11;Powiat mielecki;2011;15352
średnie;18;11;Powiat mielecki;2011;34550
zasadnicze zawodowe;18;11;Powiat mielecki;2011;30032
podstawowe;18;11;Powiat mielecki;2011;24215
wyższe;18;12;Powiat niżański;2011;5808
średnie;18;12;Powiat niżański;2011;15239
zasadnicze zawodowe;18;12;Powiat niżański;2011;12776
podstawowe;18;12;Powiat niżański;2011;15761
wyższe;18;13;Powiat przemyski;2011;6292
średnie;18;13;Powiat przemyski;2011;17312
zasadnicze zawodowe;18;13;Powiat przemyski;2011;15464
podstawowe;18;13;Powiat przemyski;2011;19100
wyższe;18;14;Powiat przeworski;2011;8281
średnie;18;14;Powiat przeworski;2011;19702
zasadnicze zawodowe;18;14;Powiat przeworski;2011;16907
podstawowe;18;14;Powiat przeworski;2011;18109
wyższe;18;15;Powiat ropczycko-sędziszowski;2011;6668
średnie;18;15;Powiat ropczycko-sędziszowski;2011;18144
zasadnicze zawodowe;18;15;Powiat ropczycko-sędziszowski;2011;13714
podstawowe;18;15;Powiat ropczycko-sędziszowski;2011;16924
wyższe;18;16;Powiat rzeszowski;2011;18178
średnie;18;16;Powiat rzeszowski;2011;40432
zasadnicze zawodowe;18;16;Powiat rzeszowski;2011;33054
podstawowe;18;16;Powiat rzeszowski;2011;35595
wyższe;18;17;Powiat sanocki;2011;11524
średnie;18;17;Powiat sanocki;2011;25327
zasadnicze zawodowe;18;17;Powiat sanocki;2011;18171
podstawowe;18;17;Powiat sanocki;2011;18058
wyższe;18;18;Powiat stalowowolski;2011;13832
średnie;18;18;Powiat stalowowolski;2011;28881
zasadnicze zawodowe;18;18;Powiat stalowowolski;2011;19474
podstawowe;18;18;Powiat stalowowolski;2011;20853
wyższe;18;19;Powiat strzyżowski;2011;5502
średnie;18;19;Powiat strzyżowski;2011;14665
zasadnicze zawodowe;18;19;Powiat strzyżowski;2011;13386
podstawowe;18;19;Powiat strzyżowski;2011;14475
wyższe;18;20;Powiat tarnobrzeski;2011;5075
średnie;18;20;Powiat tarnobrzeski;2011;12329
zasadnicze zawodowe;18;20;Powiat tarnobrzeski;2011;11124
podstawowe;18;20;Powiat tarnobrzeski;2011;12258
wyższe;18;21;Powiat leski;2011;2628
średnie;18;21;Powiat leski;2011;6731
zasadnicze zawodowe;18;21;Powiat leski;2011;4837
podstawowe;18;21;Powiat leski;2011;6342
wyższe;18;61;Krosno;2011;9821
średnie;18;61;Krosno;2011;15496
zasadnicze zawodowe;18;61;Krosno;2011;6719
podstawowe;18;61;Krosno;2011;5274
wyższe;18;62;Przemyśl;2011;12099
średnie;18;62;Przemyśl;2011;21902
zasadnicze zawodowe;18;62;Przemyśl;2011;8325
podstawowe;18;62;Przemyśl;2011;8732
wyższe;18;63;Rzeszów;2011;48155
średnie;18;63;Rzeszów;2011;58647
zasadnicze zawodowe;18;63;Rzeszów;2011;17725
podstawowe;18;63;Rzeszów;2011;17925
wyższe;18;64;Tarnobrzeg;2011;8787
średnie;18;64;Tarnobrzeg;2011;15147
zasadnicze zawodowe;18;64;Tarnobrzeg;2011;8307
podstawowe;18;64;Tarnobrzeg;2011;6391
wyższe;20;0;Województwo podlaskie;2011;167715
średnie;20;0;Województwo podlaskie;2011;316338
zasadnicze zawodowe;20;0;Województwo podlaskie;2011;167855
podstawowe;20;0;Województwo podlaskie;2011;283167
wyższe;20;1;Powiat augustowski;2011;6200
średnie;20;1;Powiat augustowski;2011;15661
zasadnicze zawodowe;20;1;Powiat augustowski;2011;8822
podstawowe;20;1;Powiat augustowski;2011;15919
wyższe;20;2;Powiat białostocki;2011;17750
średnie;20;2;Powiat białostocki;2011;36600
zasadnicze zawodowe;20;2;Powiat białostocki;2011;22431
podstawowe;20;2;Powiat białostocki;2011;33486
wyższe;20;3;Powiat bielski;2011;6776
średnie;20;3;Powiat bielski;2011;15152
zasadnicze zawodowe;20;3;Powiat bielski;2011;8289
podstawowe;20;3;Powiat bielski;2011;17627
wyższe;20;4;Powiat grajewski;2011;4135
średnie;20;4;Powiat grajewski;2011;10920
zasadnicze zawodowe;20;4;Powiat grajewski;2011;7696
podstawowe;20;4;Powiat grajewski;2011;13712
wyższe;20;5;Powiat hajnowski;2011;5748
średnie;20;5;Powiat hajnowski;2011;13462
zasadnicze zawodowe;20;5;Powiat hajnowski;2011;6992
podstawowe;20;5;Powiat hajnowski;2011;13579
wyższe;20;6;Powiat kolneński;2011;3027
średnie;20;6;Powiat kolneński;2011;7687
zasadnicze zawodowe;20;6;Powiat kolneński;2011;5745
podstawowe;20;6;Powiat kolneński;2011;13147
wyższe;20;7;Powiat łomżyński;2011;3693
średnie;20;7;Powiat łomżyński;2011;9368
zasadnicze zawodowe;20;7;Powiat łomżyński;2011;9015
podstawowe;20;7;Powiat łomżyński;2011;16818
wyższe;20;8;Powiat moniecki;2011;2928
średnie;20;8;Powiat moniecki;2011;8656
zasadnicze zawodowe;20;8;Powiat moniecki;2011;6010
podstawowe;20;8;Powiat moniecki;2011;13055
wyższe;20;9;Powiat sejneński;2011;2274
średnie;20;9;Powiat sejneński;2011;5392
zasadnicze zawodowe;20;9;Powiat sejneński;2011;2503
podstawowe;20;9;Powiat sejneński;2011;6751
wyższe;20;10;Powiat siemiatycki;2011;4116
średnie;20;10;Powiat siemiatycki;2011;10993
zasadnicze zawodowe;20;10;Powiat siemiatycki;2011;6927
podstawowe;20;10;Powiat siemiatycki;2011;16105
wyższe;20;11;Powiat sokólski;2011;6646
średnie;20;11;Powiat sokólski;2011;18481
zasadnicze zawodowe;20;11;Powiat sokólski;2011;10135
podstawowe;20;11;Powiat sokólski;2011;20821
wyższe;20;12;Powiat suwalski;2011;3040
średnie;20;12;Powiat suwalski;2011;7471
zasadnicze zawodowe;20;12;Powiat suwalski;2011;5462
podstawowe;20;12;Powiat suwalski;2011;12263
wyższe;20;13;Powiat wysokomazowiecki;2011;5427
średnie;20;13;Powiat wysokomazowiecki;2011;14024
zasadnicze zawodowe;20;13;Powiat wysokomazowiecki;2011;10046
podstawowe;20;13;Powiat wysokomazowiecki;2011;17378
wyższe;20;14;Powiat zambrowski;2011;4419
średnie;20;14;Powiat zambrowski;2011;10049
zasadnicze zawodowe;20;14;Powiat zambrowski;2011;7770
podstawowe;20;14;Powiat zambrowski;2011;11464
wyższe;20;61;Powiat M. Białystok;2011;69947
średnie;20;61;Powiat M. Białystok;2011;93740
zasadnicze zawodowe;20;61;Powiat M. Białystok;2011;32545
podstawowe;20;61;Powiat M. Białystok;2011;37653
wyższe;20;62;Powiat M. Łomża;2011;10815
średnie;20;62;Powiat M. Łomża;2011;17995
zasadnicze zawodowe;20;62;Powiat M. Łomża;2011;8560
podstawowe;20;62;Powiat M. Łomża;2011;9991
wyższe;20;63;Powiat M. Suwałki;2011;10771
średnie;20;63;Powiat M. Suwałki;2011;20688
zasadnicze zawodowe;20;63;Powiat M. Suwałki;2011;8909
podstawowe;20;63;Powiat M. Suwałki;2011;13398
wyższe;22;0;Województwo pomorskie;2011;344122
średnie;22;0;Województwo pomorskie;2011;611479
zasadnicze zawodowe;22;0;Województwo pomorskie;2011;427319
podstawowe;22;0;Województwo pomorskie;2011;407636
wyższe;22;1;Powiat bytowski;2011;6383
średnie;22;1;Powiat bytowski;2011;16417
zasadnicze zawodowe;22;1;Powiat bytowski;2011;17539
podstawowe;22;1;Powiat bytowski;2011;18422
wyższe;22;2;Powiat chojnicki;2011;8334
średnie;22;2;Powiat chojnicki;2011;22319
zasadnicze zawodowe;22;2;Powiat chojnicki;2011;23336
podstawowe;22;2;Powiat chojnicki;2011;19440
wyższe;22;3;Powiat człuchowski;2011;4732
średnie;22;3;Powiat człuchowski;2011;13147
zasadnicze zawodowe;22;3;Powiat człuchowski;2011;12748
podstawowe;22;3;Powiat człuchowski;2011;13762
wyższe;22;4;Powiat gdański;2011;14801
średnie;22;4;Powiat gdański;2011;25896
zasadnicze zawodowe;22;4;Powiat gdański;2011;17577
podstawowe;22;4;Powiat gdański;2011;17752
wyższe;22;5;Powiat kartuski;2011;11830
średnie;22;5;Powiat kartuski;2011;25256
zasadnicze zawodowe;22;5;Powiat kartuski;2011;27021
podstawowe;22;5;Powiat kartuski;2011;26876
wyższe;22;6;Powiat kościerski;2011;6235
średnie;22;6;Powiat kościerski;2011;16261
zasadnicze zawodowe;22;6;Powiat kościerski;2011;16991
podstawowe;22;6;Powiat kościerski;2011;14653
wyższe;22;7;Powiat kwidzyński;2011;7940
średnie;22;7;Powiat kwidzyński;2011;21202
zasadnicze zawodowe;22;7;Powiat kwidzyński;2011;15944
podstawowe;22;7;Powiat kwidzyński;2011;17843
wyższe;22;8;Powiat lęborski;2011;6877
średnie;22;8;Powiat lęborski;2011;16189
zasadnicze zawodowe;22;8;Powiat lęborski;2011;13975
podstawowe;22;8;Powiat lęborski;2011;14325
wyższe;22;9;Powiat malborski;2011;7151
średnie;22;9;Powiat malborski;2011;17178
zasadnicze zawodowe;22;9;Powiat malborski;2011;12479
podstawowe;22;9;Powiat malborski;2011;13348
wyższe;22;10;Powiat nowodworski;2011;3042
średnie;22;10;Powiat nowodworski;2011;8781
zasadnicze zawodowe;22;10;Powiat nowodworski;2011;8052
podstawowe;22;10;Powiat nowodworski;2011;8633
wyższe;22;11;Powiat pucki;2011;8250
średnie;22;11;Powiat pucki;2011;19533
zasadnicze zawodowe;22;11;Powiat pucki;2011;16883
podstawowe;22;11;Powiat pucki;2011;17312
wyższe;22;12;Powiat słupski;2011;8772
średnie;22;12;Powiat słupski;2011;20847
zasadnicze zawodowe;22;12;Powiat słupski;2011;21102
podstawowe;22;12;Powiat słupski;2011;24170
wyższe;22;13;Powiat starogardzki;2011;11885
średnie;22;13;Powiat starogardzki;2011;29385
zasadnicze zawodowe;22;13;Powiat starogardzki;2011;29716
podstawowe;22;13;Powiat starogardzki;2011;25956
wyższe;22;14;Powiat tczewski;2011;11158
średnie;22;14;Powiat tczewski;2011;28395
zasadnicze zawodowe;22;14;Powiat tczewski;2011;27995
podstawowe;22;14;Powiat tczewski;2011;22377
wyższe;22;15;Powiat wejherowski;2011;24794
średnie;22;15;Powiat wejherowski;2011;49260
zasadnicze zawodowe;22;15;Powiat wejherowski;2011;42741
podstawowe;22;15;Powiat wejherowski;2011;38491
wyższe;22;16;Powiat sztumski;2011;3335
średnie;22;16;Powiat sztumski;2011;9542
zasadnicze zawodowe;22;16;Powiat sztumski;2011;8800
podstawowe;22;16;Powiat sztumski;2011;10675
wyższe;22;61;Powiat M. Gdańsk;2011;110099
średnie;22;61;Powiat M. Gdańsk;2011;147799
zasadnicze zawodowe;22;61;Powiat M. Gdańsk;2011;61370
podstawowe;22;61;Powiat M. Gdańsk;2011;57612
wyższe;22;62;Powiat M. Gdynia;2011;59066
średnie;22;62;Powiat M. Gdynia;2011;81215
zasadnicze zawodowe;22;62;Powiat M. Gdynia;2011;33514
podstawowe;22;62;Powiat M. Gdynia;2011;28615
wyższe;22;63;Powiat M. Słupsk;2011;17624
średnie;22;63;Powiat M. Słupsk;2011;29793
zasadnicze zawodowe;22;63;Powiat M. Słupsk;2011;16164
podstawowe;22;63;Powiat M. Słupsk;2011;13957
wyższe;22;64;Powiat M. Sopot;2011;11813
średnie;22;64;Powiat M. Sopot;2011;13066
zasadnicze zawodowe;22;64;Powiat M. Sopot;2011;3374
podstawowe;22;64;Powiat M. Sopot;2011;3417
wyższe;24;0;Województwo śląskie;2011;649559
średnie;24;0;Województwo śląskie;2011;1322291
zasadnicze zawodowe;24;0;Województwo śląskie;2011;1027986
podstawowe;24;0;Województwo śląskie;2011;782022
wyższe;24;1;Powiat będziński;2011;24078
średnie;24;1;Powiat będziński;2011;50265
zasadnicze zawodowe;24;1;Powiat będziński;2011;28205
podstawowe;24;1;Powiat będziński;2011;25829
wyższe;24;2;Powiat bielski;2011;20249
średnie;24;2;Powiat bielski;2011;42780
zasadnicze zawodowe;24;2;Powiat bielski;2011;38829
podstawowe;24;2;Powiat bielski;2011;25587
wyższe;24;3;Powiat cieszyński;2011;20414
średnie;24;3;Powiat cieszyński;2011;46686
zasadnicze zawodowe;24;3;Powiat cieszyński;2011;43552
podstawowe;24;3;Powiat cieszyński;2011;29189
wyższe;24;4;Powiat częstochowski;2011;13901
średnie;24;4;Powiat częstochowski;2011;34675
zasadnicze zawodowe;24;4;Powiat częstochowski;2011;32239
podstawowe;24;4;Powiat częstochowski;2011;32501
wyższe;24;5;Powiat gliwicki;2011;11924
średnie;24;5;Powiat gliwicki;2011;28653
zasadnicze zawodowe;24;5;Powiat gliwicki;2011;28562
podstawowe;24;5;Powiat gliwicki;2011;21353
wyższe;24;6;Powiat kłobucki;2011;8980
średnie;24;6;Powiat kłobucki;2011;21663
zasadnicze zawodowe;24;6;Powiat kłobucki;2011;21881
podstawowe;24;6;Powiat kłobucki;2011;18684
wyższe;24;7;Powiat lubliniecki;2011;7721
średnie;24;7;Powiat lubliniecki;2011;18207
zasadnicze zawodowe;24;7;Powiat lubliniecki;2011;18751
podstawowe;24;7;Powiat lubliniecki;2011;13867
wyższe;24;8;Powiat mikołowski;2011;13036
średnie;24;8;Powiat mikołowski;2011;26024
zasadnicze zawodowe;24;8;Powiat mikołowski;2011;23103
podstawowe;24;8;Powiat mikołowski;2011;13282
wyższe;24;9;Powiat myszkowski;2011;9328
średnie;24;9;Powiat myszkowski;2011;21031
zasadnicze zawodowe;24;9;Powiat myszkowski;2011;14776
podstawowe;24;9;Powiat myszkowski;2011;15227
wyższe;24;10;Powiat pszczyński;2011;12900
średnie;24;10;Powiat pszczyński;2011;26637
zasadnicze zawodowe;24;10;Powiat pszczyński;2011;29644
podstawowe;24;10;Powiat pszczyński;2011;16813
wyższe;24;11;Powiat raciborski;2011;11922
średnie;24;11;Powiat raciborski;2011;24094
zasadnicze zawodowe;24;11;Powiat raciborski;2011;26245
podstawowe;24;11;Powiat raciborski;2011;20312
wyższe;24;12;Powiat rybnicki;2011;6908
średnie;24;12;Powiat rybnicki;2011;17506
zasadnicze zawodowe;24;12;Powiat rybnicki;2011;23025
podstawowe;24;12;Powiat rybnicki;2011;13831
wyższe;24;13;Powiat tarnogórski;2011;19443
średnie;24;13;Powiat tarnogórski;2011;38137
zasadnicze zawodowe;24;13;Powiat tarnogórski;2011;30408
podstawowe;24;13;Powiat tarnogórski;2011;21431
wyższe;24;14;Powiat bieruńsko-lędziński;2011;6642
średnie;24;14;Powiat bieruńsko-lędziński;2011;15448
zasadnicze zawodowe;24;14;Powiat bieruńsko-lędziński;2011;14513
podstawowe;24;14;Powiat bieruńsko-lędziński;2011;9227
wyższe;24;15;Powiat wodzisławski;2011;16538
średnie;24;15;Powiat wodzisławski;2011;38003
zasadnicze zawodowe;24;15;Powiat wodzisławski;2011;43693
podstawowe;24;15;Powiat wodzisławski;2011;28658
wyższe;24;16;Powiat zawierciański;2011;17037
średnie;24;16;Powiat zawierciański;2011;37480
zasadnicze zawodowe;24;16;Powiat zawierciański;2011;24360
podstawowe;24;16;Powiat zawierciański;2011;24985
wyższe;24;17;Powiat żywiecki;2011;17034
średnie;24;17;Powiat żywiecki;2011;40102
zasadnicze zawodowe;24;17;Powiat żywiecki;2011;35374
podstawowe;24;17;Powiat żywiecki;2011;30252
wyższe;24;61;Powiat M. Bielsko-Biała;2011;32982
średnie;24;61;Powiat M. Bielsko-Biała;2011;53947
zasadnicze zawodowe;24;61;Powiat M. Bielsko-Biała;2011;34097
podstawowe;24;61;Powiat M. Bielsko-Biała;2011;21965
wyższe;24;62;Powiat M. Bytom;2011;21717
średnie;24;62;Powiat M. Bytom;2011;50602
zasadnicze zawodowe;24;62;Powiat M. Bytom;2011;40934
podstawowe;24;62;Powiat M. Bytom;2011;31306
wyższe;24;63;Powiat M. Chorzów;2011;14365
średnie;24;63;Powiat M. Chorzów;2011;32337
zasadnicze zawodowe;24;63;Powiat M. Chorzów;2011;25401
podstawowe;24;63;Powiat M. Chorzów;2011;20756
wyższe;24;64;Powiat M. Częstochowa;2011;45883
średnie;24;64;Powiat M. Częstochowa;2011;77904
zasadnicze zawodowe;24;64;Powiat M. Częstochowa;2011;38576
podstawowe;24;64;Powiat M. Częstochowa;2011;34489
wyższe;24;65;Powiat M. Dąbrowa Górnicza;2011;20765
średnie;24;65;Powiat M. Dąbrowa Górnicza;2011;42501
zasadnicze zawodowe;24;65;Powiat M. Dąbrowa Górnicza;2011;23617
podstawowe;24;65;Powiat M. Dąbrowa Górnicza;2011;20122
wyższe;24;66;Powiat M. Gliwice;2011;36209
średnie;24;66;Powiat M. Gliwice;2011;59614
zasadnicze zawodowe;24;66;Powiat M. Gliwice;2011;31450
podstawowe;24;66;Powiat M. Gliwice;2011;26171
wyższe;24;67;Powiat M. Jastrzębie-Zdrój;2011;9144
średnie;24;67;Powiat M. Jastrzębie-Zdrój;2011;23042
zasadnicze zawodowe;24;67;Powiat M. Jastrzębie-Zdrój;2011;24599
podstawowe;24;67;Powiat M. Jastrzębie-Zdrój;2011;18251
wyższe;24;68;Powiat M. Jaworzno;2011;13285
średnie;24;68;Powiat M. Jaworzno;2011;29298
zasadnicze zawodowe;24;68;Powiat M. Jaworzno;2011;19005
podstawowe;24;68;Powiat M. Jaworzno;2011;16872
wyższe;24;69;Powiat M. Katowice;2011;66285
średnie;24;69;Powiat M. Katowice;2011;98635
zasadnicze zawodowe;24;69;Powiat M. Katowice;2011;53973
podstawowe;24;69;Powiat M. Katowice;2011;44273
wyższe;24;70;Powiat M. Mysłowice;2011;10276
średnie;24;70;Powiat M. Mysłowice;2011;22926
zasadnicze zawodowe;24;70;Powiat M. Mysłowice;2011;17181
podstawowe;24;70;Powiat M. Mysłowice;2011;11649
wyższe;24;71;Powiat M. Piekary Śląskie;2011;6561
średnie;24;71;Powiat M. Piekary Śląskie;2011;15911
zasadnicze zawodowe;24;71;Powiat M. Piekary Śląskie;2011;15139
podstawowe;24;71;Powiat M. Piekary Śląskie;2011;10391
wyższe;24;72;Powiat M. Ruda Śląska;2011;15860
średnie;24;72;Powiat M. Ruda Śląska;2011;38988
zasadnicze zawodowe;24;72;Powiat M. Ruda Śląska;2011;37510
podstawowe;24;72;Powiat M. Ruda Śląska;2011;26287
wyższe;24;73;Powiat M. Rybnik;2011;17919
średnie;24;73;Powiat M. Rybnik;2011;35709
zasadnicze zawodowe;24;73;Powiat M. Rybnik;2011;36249
podstawowe;24;73;Powiat M. Rybnik;2011;23265
wyższe;24;74;Powiat M. Siemianowice Śląskie;2011;9347
średnie;24;74;Powiat M. Siemianowice Śląskie;2011;20100
zasadnicze zawodowe;24;74;Powiat M. Siemianowice Śląskie;2011;16577
podstawowe;24;74;Powiat M. Siemianowice Śląskie;2011;12317
wyższe;24;75;Powiat M. Sosnowiec;2011;35307
średnie;24;75;Powiat M. Sosnowiec;2011;73617
zasadnicze zawodowe;24;75;Powiat M. Sosnowiec;2011;40482
podstawowe;24;75;Powiat M. Sosnowiec;2011;33143
wyższe;24;76;Powiat M. Świętochłowice;2011;5606
średnie;24;76;Powiat M. Świętochłowice;2011;13548
zasadnicze zawodowe;24;76;Powiat M. Świętochłowice;2011;13457
podstawowe;24;76;Powiat M. Świętochłowice;2011;10678
wyższe;24;77;Powiat M. Tychy;2011;21094
średnie;24;77;Powiat M. Tychy;2011;40609
zasadnicze zawodowe;24;77;Powiat M. Tychy;2011;26797
podstawowe;24;77;Powiat M. Tychy;2011;17249
wyższe;24;78;Powiat M. Zabrze;2011;21990
średnie;24;78;Powiat M. Zabrze;2011;50147
zasadnicze zawodowe;24;78;Powiat M. Zabrze;2011;38860
podstawowe;24;78;Powiat M. Zabrze;2011;32406
wyższe;24;79;Powiat M. Żory;2011;6907
średnie;24;79;Powiat M. Żory;2011;15465
zasadnicze zawodowe;24;79;Powiat M. Żory;2011;16923
podstawowe;24;79;Powiat M. Żory;2011;9405
wyższe;26;0;Województwo świętokrzyskie;2011;180559
średnie;26;0;Województwo świętokrzyskie;2011;337591
zasadnicze zawodowe;26;0;Województwo świętokrzyskie;2011;239773
podstawowe;26;0;Województwo świętokrzyskie;2011;287625
wyższe;26;1;Powiat buski;2011;8346
średnie;26;1;Powiat buski;2011;18339
zasadnicze zawodowe;26;1;Powiat buski;2011;15413
podstawowe;26;1;Powiat buski;2011;18983
wyższe;26;2;Powiat jędrzejowski;2011;10366
średnie;26;2;Powiat jędrzejowski;2011;22100
zasadnicze zawodowe;26;2;Powiat jędrzejowski;2011;17438
podstawowe;26;2;Powiat jędrzejowski;2011;23126
wyższe;26;3;Powiat kazimierski;2011;2812
średnie;26;3;Powiat kazimierski;2011;8825
zasadnicze zawodowe;26;3;Powiat kazimierski;2011;6832
podstawowe;26;3;Powiat kazimierski;2011;10367
wyższe;26;4;Powiat kielecki;2011;23503
średnie;26;4;Powiat kielecki;2011;45711
zasadnicze zawodowe;26;4;Powiat kielecki;2011;41604
podstawowe;26;4;Powiat kielecki;2011;55209
wyższe;26;5;Powiat konecki;2011;8987
średnie;26;5;Powiat konecki;2011;19792
zasadnicze zawodowe;26;5;Powiat konecki;2011;17581
podstawowe;26;5;Powiat konecki;2011;23467
wyższe;26;6;Powiat opatowski;2011;5129
średnie;26;6;Powiat opatowski;2011;12820
zasadnicze zawodowe;26;6;Powiat opatowski;2011;11823
podstawowe;26;6;Powiat opatowski;2011;15425
wyższe;26;7;Powiat ostrowiecki;2011;15742
średnie;26;7;Powiat ostrowiecki;2011;32557
zasadnicze zawodowe;26;7;Powiat ostrowiecki;2011;24030
podstawowe;26;7;Powiat ostrowiecki;2011;22776
wyższe;26;8;Powiat pińczowski;2011;4716
średnie;26;8;Powiat pińczowski;2011;10738
zasadnicze zawodowe;26;8;Powiat pińczowski;2011;7741
podstawowe;26;8;Powiat pińczowski;2011;10886
wyższe;26;9;Powiat sandomierski;2011;10524
średnie;26;9;Powiat sandomierski;2011;22914
zasadnicze zawodowe;26;9;Powiat sandomierski;2011;14707
podstawowe;26;9;Powiat sandomierski;2011;18170
wyższe;26;10;Powiat skarżyski;2011;11234
średnie;26;10;Powiat skarżyski;2011;25210
zasadnicze zawodowe;26;10;Powiat skarżyski;2011;14871
podstawowe;26;10;Powiat skarżyski;2011;13528
wyższe;26;11;Powiat starachowicki;2011;11969
średnie;26;11;Powiat starachowicki;2011;26774
zasadnicze zawodowe;26;11;Powiat starachowicki;2011;18727
podstawowe;26;11;Powiat starachowicki;2011;19690
wyższe;26;12;Powiat staszowski;2011;8742
średnie;26;12;Powiat staszowski;2011;17477
zasadnicze zawodowe;26;12;Powiat staszowski;2011;16180
podstawowe;26;12;Powiat staszowski;2011;18316
wyższe;26;13;Powiat włoszczowski;2011;4733
średnie;26;13;Powiat włoszczowski;2011;11123
zasadnicze zawodowe;26;13;Powiat włoszczowski;2011;9653
podstawowe;26;13;Powiat włoszczowski;2011;13059
wyższe;26;61;Kielce;2011;53756
średnie;26;61;Kielce;2011;63211
zasadnicze zawodowe;26;61;Kielce;2011;23175
podstawowe;26;61;Kielce;2011;24623
wyższe;28;0;Województwo warmińsko-mazurskie;2011;176161
średnie;28;0;Województwo warmińsko-mazurskie;2011;365237
zasadnicze zawodowe;28;0;Województwo warmińsko-mazurskie;2011;250149
podstawowe;28;0;Województwo warmińsko-mazurskie;2011;339892
wyższe;28;1;Powiat bartoszycki;2011;6026
średnie;28;1;Powiat bartoszycki;2011;14304
zasadnicze zawodowe;28;1;Powiat bartoszycki;2011;12004
podstawowe;28;1;Powiat bartoszycki;2011;16222
wyższe;28;2;Powiat braniewski;2011;4196
średnie;28;2;Powiat braniewski;2011;10902
zasadnicze zawodowe;28;2;Powiat braniewski;2011;7739
podstawowe;28;2;Powiat braniewski;2011;11362
wyższe;28;3;Powiat działdowski;2011;5834
średnie;28;3;Powiat działdowski;2011;15512
zasadnicze zawodowe;28;3;Powiat działdowski;2011;13574
podstawowe;28;3;Powiat działdowski;2011;18072
wyższe;28;4;Powiat elbląski;2011;4393
średnie;28;4;Powiat elbląski;2011;12171
zasadnicze zawodowe;28;4;Powiat elbląski;2011;12800
podstawowe;28;4;Powiat elbląski;2011;15243
wyższe;28;5;Powiat ełcki;2011;9397
średnie;28;5;Powiat ełcki;2011;22979
zasadnicze zawodowe;28;5;Powiat ełcki;2011;12396
podstawowe;28;5;Powiat ełcki;2011;19850
wyższe;28;6;Powiat giżycki;2011;6720
średnie;28;6;Powiat giżycki;2011;14798
zasadnicze zawodowe;28;6;Powiat giżycki;2011;9607
podstawowe;28;6;Powiat giżycki;2011;13986
wyższe;28;7;Powiat iławski;2011;8368
średnie;28;7;Powiat iławski;2011;21051
zasadnicze zawodowe;28;7;Powiat iławski;2011;20111
podstawowe;28;7;Powiat iławski;2011;23799
wyższe;28;8;Powiat kętrzyński;2011;6472
średnie;28;8;Powiat kętrzyński;2011;17385
zasadnicze zawodowe;28;8;Powiat kętrzyński;2011;11208
podstawowe;28;8;Powiat kętrzyński;2011;17461
wyższe;28;9;Powiat lidzbarski;2011;4286
średnie;28;9;Powiat lidzbarski;2011;10999
zasadnicze zawodowe;28;9;Powiat lidzbarski;2011;8464
podstawowe;28;9;Powiat lidzbarski;2011;10553
wyższe;28;10;Powiat mrągowski;2011;4983
średnie;28;10;Powiat mrągowski;2011;12469
zasadnicze zawodowe;28;10;Powiat mrągowski;2011;9360
podstawowe;28;10;Powiat mrągowski;2011;12649
wyższe;28;11;Powiat nidzicki;2011;3002
średnie;28;11;Powiat nidzicki;2011;7799
zasadnicze zawodowe;28;11;Powiat nidzicki;2011;5490
podstawowe;28;11;Powiat nidzicki;2011;10217
wyższe;28;12;Powiat nowomiejski;2011;3244
średnie;28;12;Powiat nowomiejski;2011;8792
zasadnicze zawodowe;28;12;Powiat nowomiejski;2011;11154
podstawowe;28;12;Powiat nowomiejski;2011;11592
wyższe;28;13;Powiat olecki;2011;3284
średnie;28;13;Powiat olecki;2011;9034
zasadnicze zawodowe;28;13;Powiat olecki;2011;5079
podstawowe;28;13;Powiat olecki;2011;9810
wyższe;28;14;Powiat olsztyński;2011;14456
średnie;28;14;Powiat olsztyński;2011;27420
zasadnicze zawodowe;28;14;Powiat olsztyński;2011;21334
podstawowe;28;14;Powiat olsztyński;2011;28762
wyższe;28;15;Powiat ostródzki;2011;9947
średnie;28;15;Powiat ostródzki;2011;25421
zasadnicze zawodowe;28;15;Powiat ostródzki;2011;19702
podstawowe;28;15;Powiat ostródzki;2011;29265
wyższe;28;16;Powiat piski;2011;4708
średnie;28;16;Powiat piski;2011;13182
zasadnicze zawodowe;28;16;Powiat piski;2011;9018
podstawowe;28;16;Powiat piski;2011;17192
wyższe;28;17;Powiat szczycieński;2011;7350
średnie;28;17;Powiat szczycieński;2011;16307
zasadnicze zawodowe;28;17;Powiat szczycieński;2011;11834
podstawowe;28;17;Powiat szczycieński;2011;20173
wyższe;28;18;Powiat gołdapski;2011;2354
średnie;28;18;Powiat gołdapski;2011;6265
zasadnicze zawodowe;28;18;Powiat gołdapski;2011;4432
podstawowe;28;18;Powiat gołdapski;2011;7441
wyższe;28;19;Powiat węgorzewski;2011;2226
średnie;28;19;Powiat węgorzewski;2011;5645
zasadnicze zawodowe;28;19;Powiat węgorzewski;2011;4328
podstawowe;28;19;Powiat węgorzewski;2011;6092
wyższe;28;61;Powiat M. Elbląg;2011;20191
średnie;28;61;Powiat M. Elbląg;2011;35811
zasadnicze zawodowe;28;61;Powiat M. Elbląg;2011;23099
podstawowe;28;61;Powiat M. Elbląg;2011;19584
wyższe;28;62;Powiat M. Olsztyn;2011;44723
średnie;28;62;Powiat M. Olsztyn;2011;56993
zasadnicze zawodowe;28;62;Powiat M. Olsztyn;2011;17415
podstawowe;28;62;Powiat M. Olsztyn;2011;20567
wyższe;30;0;Województwo wielkopolskie;2011;485718
średnie;30;0;Województwo wielkopolskie;2011;909639
zasadnicze zawodowe;30;0;Województwo wielkopolskie;2011;770990
podstawowe;30;0;Województwo wielkopolskie;2011;632480
wyższe;30;1;Powiat chodzieski;2011;4649
średnie;30;1;Powiat chodzieski;2011;11440
zasadnicze zawodowe;30;1;Powiat chodzieski;2011;12518
podstawowe;30;1;Powiat chodzieski;2011;9755
wyższe;30;2;Powiat czarnkowsko-trzcianecki;2011;8538
średnie;30;2;Powiat czarnkowsko-trzcianecki;2011;22311
zasadnicze zawodowe;30;2;Powiat czarnkowsko-trzcianecki;2011;20142
podstawowe;30;2;Powiat czarnkowsko-trzcianecki;2011;19040
wyższe;30;3;Powiat gnieźnieński;2011;16346
średnie;30;3;Powiat gnieźnieński;2011;37128
zasadnicze zawodowe;30;3;Powiat gnieźnieński;2011;37358
podstawowe;30;3;Powiat gnieźnieński;2011;26101
wyższe;30;4;Powiat gostyński;2011;6873
średnie;30;4;Powiat gostyński;2011;18266
zasadnicze zawodowe;30;4;Powiat gostyński;2011;20655
podstawowe;30;4;Powiat gostyński;2011;16598
wyższe;30;5;Powiat grodziski;2011;3631
średnie;30;5;Powiat grodziski;2011;10632
zasadnicze zawodowe;30;5;Powiat grodziski;2011;15545
podstawowe;30;5;Powiat grodziski;2011;10947
wyższe;30;6;Powiat jarociński;2011;7091
średnie;30;6;Powiat jarociński;2011;18822
zasadnicze zawodowe;30;6;Powiat jarociński;2011;18229
podstawowe;30;6;Powiat jarociński;2011;14068
wyższe;30;7;Powiat kaliski;2011;7883
średnie;30;7;Powiat kaliski;2011;17814
zasadnicze zawodowe;30;7;Powiat kaliski;2011;18408
podstawowe;30;7;Powiat kaliski;2011;23175
wyższe;30;8;Powiat kępiński;2011;4870
średnie;30;8;Powiat kępiński;2011;13747
zasadnicze zawodowe;30;8;Powiat kępiński;2011;16218
podstawowe;30;8;Powiat kępiński;2011;10963
wyższe;30;9;Powiat kolski;2011;7936
średnie;30;9;Powiat kolski;2011;20835
zasadnicze zawodowe;30;9;Powiat kolski;2011;19610
podstawowe;30;9;Powiat kolski;2011;24714
wyższe;30;10;Powiat koniński;2011;11226
średnie;30;10;Powiat koniński;2011;27329
zasadnicze zawodowe;30;10;Powiat koniński;2011;30019
podstawowe;30;10;Powiat koniński;2011;34261
wyższe;30;11;Powiat kościański;2011;8276
średnie;30;11;Powiat kościański;2011;19256
zasadnicze zawodowe;30;11;Powiat kościański;2011;21662
podstawowe;30;11;Powiat kościański;2011;15666
wyższe;30;12;Powiat krotoszyński;2011;7350
średnie;30;12;Powiat krotoszyński;2011;19093
zasadnicze zawodowe;30;12;Powiat krotoszyński;2011;21712
podstawowe;30;12;Powiat krotoszyński;2011;14818
wyższe;30;13;Powiat leszczyński;2011;4768
średnie;30;13;Powiat leszczyński;2011;11302
zasadnicze zawodowe;30;13;Powiat leszczyński;2011;15087
podstawowe;30;13;Powiat leszczyński;2011;10810
wyższe;30;14;Powiat międzychodzki;2011;2919
średnie;30;14;Powiat międzychodzki;2011;9077
zasadnicze zawodowe;30;14;Powiat międzychodzki;2011;9933
podstawowe;30;14;Powiat międzychodzki;2011;7782
wyższe;30;15;Powiat nowotomyski;2011;6704
średnie;30;15;Powiat nowotomyski;2011;17422
zasadnicze zawodowe;30;15;Powiat nowotomyski;2011;21341
podstawowe;30;15;Powiat nowotomyski;2011;13849
wyższe;30;16;Powiat obornicki;2011;5274
średnie;30;16;Powiat obornicki;2011;14185
zasadnicze zawodowe;30;16;Powiat obornicki;2011;16036
podstawowe;30;16;Powiat obornicki;2011;11156
wyższe;30;17;Powiat ostrowski;2011;18085
średnie;30;17;Powiat ostrowski;2011;45945
zasadnicze zawodowe;30;17;Powiat ostrowski;2011;40021
podstawowe;30;17;Powiat ostrowski;2011;27085
wyższe;30;18;Powiat ostrzeszowski;2011;5031
średnie;30;18;Powiat ostrzeszowski;2011;13822
zasadnicze zawodowe;30;18;Powiat ostrzeszowski;2011;14208
podstawowe;30;18;Powiat ostrzeszowski;2011;11232
wyższe;30;19;Powiat pilski;2011;17984
średnie;30;19;Powiat pilski;2011;37870
zasadnicze zawodowe;30;19;Powiat pilski;2011;27545
podstawowe;30;19;Powiat pilski;2011;26461
wyższe;30;20;Powiat pleszewski;2011;6362
średnie;30;20;Powiat pleszewski;2011;15172
zasadnicze zawodowe;30;20;Powiat pleszewski;2011;16485
podstawowe;30;20;Powiat pleszewski;2011;12832
wyższe;30;21;Powiat poznański;2011;62692
średnie;30;21;Powiat poznański;2011;86588
zasadnicze zawodowe;30;21;Powiat poznański;2011;67780
podstawowe;30;21;Powiat poznański;2011;48339
wyższe;30;22;Powiat rawicki;2011;5402
średnie;30;22;Powiat rawicki;2011;15164
zasadnicze zawodowe;30;22;Powiat rawicki;2011;16853
podstawowe;30;22;Powiat rawicki;2011;11388
wyższe;30;23;Powiat słupecki;2011;5606
średnie;30;23;Powiat słupecki;2011;14227
zasadnicze zawodowe;30;23;Powiat słupecki;2011;14415
podstawowe;30;23;Powiat słupecki;2011;14206
wyższe;30;24;Powiat szamotulski;2011;8778
średnie;30;24;Powiat szamotulski;2011;23000
zasadnicze zawodowe;30;24;Powiat szamotulski;2011;22842
podstawowe;30;24;Powiat szamotulski;2011;17232
wyższe;30;25;Powiat średzki;2011;6385
średnie;30;25;Powiat średzki;2011;13538
zasadnicze zawodowe;30;25;Powiat średzki;2011;13898
podstawowe;30;25;Powiat średzki;2011;12328
wyższe;30;26;Powiat śremski;2011;6671
średnie;30;26;Powiat śremski;2011;15055
zasadnicze zawodowe;30;26;Powiat śremski;2011;15908
podstawowe;30;26;Powiat śremski;2011;11031
wyższe;30;27;Powiat turecki;2011;9185
średnie;30;27;Powiat turecki;2011;20219
zasadnicze zawodowe;30;27;Powiat turecki;2011;17783
podstawowe;30;27;Powiat turecki;2011;21487
wyższe;30;28;Powiat wągrowiecki;2011;5956
średnie;30;28;Powiat wągrowiecki;2011;16388
zasadnicze zawodowe;30;28;Powiat wągrowiecki;2011;18398
podstawowe;30;28;Powiat wągrowiecki;2011;14775
wyższe;30;29;Powiat wolsztyński;2011;5050
średnie;30;29;Powiat wolsztyński;2011;12431
zasadnicze zawodowe;30;29;Powiat wolsztyński;2011;16461
podstawowe;30;29;Powiat wolsztyński;2011;11134
wyższe;30;30;Powiat wrzesiński;2011;8327
średnie;30;30;Powiat wrzesiński;2011;18476
zasadnicze zawodowe;30;30;Powiat wrzesiński;2011;19208
podstawowe;30;30;Powiat wrzesiński;2011;15607
wyższe;30;31;Powiat złotowski;2011;5548
średnie;30;31;Powiat złotowski;2011;15863
zasadnicze zawodowe;30;31;Powiat złotowski;2011;14284
podstawowe;30;31;Powiat złotowski;2011;17540
wyższe;30;61;Powiat M. Kalisz;2011;18637
średnie;30;61;Powiat M. Kalisz;2011;32124
zasadnicze zawodowe;30;61;Powiat M. Kalisz;2011;17972
podstawowe;30;61;Powiat M. Kalisz;2011;17714
wyższe;30;62;Powiat M. Konin;2011;14239
średnie;30;62;Powiat M. Konin;2011;24693
zasadnicze zawodowe;30;62;Powiat M. Konin;2011;13457
podstawowe;30;62;Powiat M. Konin;2011;12561
wyższe;30;63;Powiat M. Leszno;2011;11546
średnie;30;63;Powiat M. Leszno;2011;20180
zasadnicze zawodowe;30;63;Powiat M. Leszno;2011;12470
podstawowe;30;63;Powiat M. Leszno;2011;8398
wyższe;30;64;Powiat M. Poznań;2011;149902
średnie;30;64;Powiat M. Poznań;2011;180225
zasadnicze zawodowe;30;64;Powiat M. Poznań;2011;76530
podstawowe;30;64;Powiat M. Poznań;2011;57425
wyższe;32;0;Województwo zachodniopomorskie;2011;249782
średnie;32;0;Województwo zachodniopomorskie;2011;470379
zasadnicze zawodowe;32;0;Województwo zachodniopomorskie;2011;309406
podstawowe;32;0;Województwo zachodniopomorskie;2011;351170
wyższe;32;1;Powiat białogardzki;2011;4259
średnie;32;1;Powiat białogardzki;2011;11828
zasadnicze zawodowe;32;1;Powiat białogardzki;2011;10165
podstawowe;32;1;Powiat białogardzki;2011;12743
wyższe;32;2;Powiat choszczeński;2011;4868
średnie;32;2;Powiat choszczeński;2011;11660
zasadnicze zawodowe;32;2;Powiat choszczeński;2011;9673
podstawowe;32;2;Powiat choszczeński;2011;14346
wyższe;32;3;Powiat drawski;2011;4789
średnie;32;3;Powiat drawski;2011;14590
zasadnicze zawodowe;32;3;Powiat drawski;2011;12247
podstawowe;32;3;Powiat drawski;2011;14571
wyższe;32;4;Powiat goleniowski;2011;8546
średnie;32;4;Powiat goleniowski;2011;21544
zasadnicze zawodowe;32;4;Powiat goleniowski;2011;15602
podstawowe;32;4;Powiat goleniowski;2011;19142
wyższe;32;5;Powiat gryficki;2011;6082
średnie;32;5;Powiat gryficki;2011;16425
zasadnicze zawodowe;32;5;Powiat gryficki;2011;12725
podstawowe;32;5;Powiat gryficki;2011;13471
wyższe;32;6;Powiat gryfiński;2011;8351
średnie;32;6;Powiat gryfiński;2011;20392
zasadnicze zawodowe;32;6;Powiat gryfiński;2011;17168
podstawowe;32;6;Powiat gryfiński;2011;21516
wyższe;32;7;Powiat kamieński;2011;4910
średnie;32;7;Powiat kamieński;2011;13024
zasadnicze zawodowe;32;7;Powiat kamieński;2011;9421
podstawowe;32;7;Powiat kamieński;2011;11072
wyższe;32;8;Powiat kołobrzeski;2011;10879
średnie;32;8;Powiat kołobrzeski;2011;22702
zasadnicze zawodowe;32;8;Powiat kołobrzeski;2011;15073
podstawowe;32;8;Powiat kołobrzeski;2011;15056
wyższe;32;9;Powiat koszaliński;2011;6181
średnie;32;9;Powiat koszaliński;2011;14200
zasadnicze zawodowe;32;9;Powiat koszaliński;2011;13762
podstawowe;32;9;Powiat koszaliński;2011;16723
wyższe;32;10;Powiat myśliborski;2011;6712
średnie;32;10;Powiat myśliborski;2011;16765
zasadnicze zawodowe;32;10;Powiat myśliborski;2011;14426
podstawowe;32;10;Powiat myśliborski;2011;16267
wyższe;32;11;Powiat policki;2011;13831
średnie;32;11;Powiat policki;2011;18003
zasadnicze zawodowe;32;11;Powiat policki;2011;12417
podstawowe;32;11;Powiat policki;2011;11650
wyższe;32;12;Powiat pyrzycki;2011;3736
średnie;32;12;Powiat pyrzycki;2011;10096
zasadnicze zawodowe;32;12;Powiat pyrzycki;2011;8087
podstawowe;32;12;Powiat pyrzycki;2011;11157
wyższe;32;13;Powiat sławieński;2011;5230
średnie;32;13;Powiat sławieński;2011;14042
zasadnicze zawodowe;32;13;Powiat sławieński;2011;12048
podstawowe;32;13;Powiat sławieński;2011;14495
wyższe;32;14;Powiat stargardzki;2011;15841
średnie;32;14;Powiat stargardzki;2011;32867
zasadnicze zawodowe;32;14;Powiat stargardzki;2011;22389
podstawowe;32;14;Powiat stargardzki;2011;26113
wyższe;32;15;Powiat szczecinecki;2011;8539
średnie;32;15;Powiat szczecinecki;2011;21883
zasadnicze zawodowe;32;15;Powiat szczecinecki;2011;14170
podstawowe;32;15;Powiat szczecinecki;2011;18141
wyższe;32;16;Powiat świdwiński;2011;4164
średnie;32;16;Powiat świdwiński;2011;11587
zasadnicze zawodowe;32;16;Powiat świdwiński;2011;10641
podstawowe;32;16;Powiat świdwiński;2011;12611
wyższe;32;17;Powiat wałecki;2011;5501
średnie;32;17;Powiat wałecki;2011;14902
zasadnicze zawodowe;32;17;Powiat wałecki;2011;10533
podstawowe;32;17;Powiat wałecki;2011;12592
wyższe;32;18;Powiat łobeski;2011;2844
średnie;32;18;Powiat łobeski;2011;8434
zasadnicze zawodowe;32;18;Powiat łobeski;2011;8185
podstawowe;32;18;Powiat łobeski;2011;10924
wyższe;32;61;Powiat M. Koszalin;2011;23191
średnie;32;61;Powiat M. Koszalin;2011;35571
zasadnicze zawodowe;32;61;Powiat M. Koszalin;2011;14842
podstawowe;32;61;Powiat M. Koszalin;2011;14719
wyższe;32;62;Powiat M. Szczecin;2011;95245
średnie;32;62;Powiat M. Szczecin;2011;126137
zasadnicze zawodowe;32;62;Powiat M. Szczecin;2011;58482
podstawowe;32;62;Powiat M. Szczecin;2011;56890
wyższe;32;63;Powiat M. Świnoujście;2011;6083
średnie;32;63;Powiat M. Świnoujście;2011;13728
zasadnicze zawodowe;32;63;Powiat M. Świnoujście;2011;7349
podstawowe;32;63;Powiat M. Świnoujście;2011;6971